name,cpumark,tdp,cat,cores,gpu_name
AMD 3015e,"2,618",6.0,Laptop,2,AMD Radeon Graphics
AMD 3020e,"2,396",6.0,Laptop,2,AMD Radeon Graphics
AMD A10 Micro-6700T APU,"1,426",5.0,Laptop,4,AMD Radeon Graphics
AMD A10 PRO-7350B APU,"1,862",19.0,Laptop,4,AMD Radeon Graphics
AMD A10-4600M APU,"1,947",35.0,Laptop,2,AMD Radeon Graphics
AMD A10-4655M APU,"1,654",25.0,Laptop,2,AMD Radeon Graphics
AMD A10-4657M APU,"1,759",35.0,Laptop,4,AMD Radeon Graphics
AMD A10-5745M APU,"1,773",25.0,Laptop,4,AMD Radeon HD 7660D
AMD A10-5750M APU,"2,045",35.0,Laptop,4,AMD Radeon HD 7660D
AMD A10-5757M APU,"1,994",35.0,Laptop,4,AMD Radeon HD 7660D
AMD A10-7300 APU,"1,743",19.0,Laptop,4,AMD Radeon R7 Graphics
AMD A10-7400P,"2,134",35.0,Laptop,4,AMD Radeon R7 Graphics
AMD A10-8700P,"2,254",35.0,Laptop,2,AMD Radeon R6 Graphics
AMD A10-9600P,"2,318",15.0,Laptop,4,AMD Radeon R7 Graphics
AMD A10-9620P,"2,521",15.0,Laptop,4,AMD Radeon R7 Graphics
AMD A10-9630P,"3,041",35.0,Laptop,4,AMD Radeon R7 Graphics
AMD A12-9700P,"2,422",15.0,Laptop,4,AMD Radeon R7 Graphics
AMD A12-9720P,"2,631",15.0,Laptop,4,AMD Radeon R7 Graphics
AMD A12-9730P,"3,005",35.0,Laptop,4,AMD Radeon R7 Graphics
AMD A4 Micro-6400T APU,"1,082",4.5,Laptop,4,AMD Radeon Graphics
AMD A4 PRO-3340B,"1,719",25.0,Laptop,4,AMD Radeon Graphics
AMD A4-1200 APU,375,3.9,Laptop,2,AMD Radeon Graphics
AMD A4-1250 APU,421,8.0,Laptop,2,AMD Radeon Graphics
AMD A4-1350 APU,911,8.0,Laptop,4,AMD Radeon Graphics
AMD A4-3300M APU,728,65.0,Laptop,2,AMD Radeon Graphics
AMD A4-3305M APU,767,35.0,Laptop,2,AMD Radeon Graphics
AMD A4-3310MX APU,800,45.0,Laptop,2,AMD Radeon Graphics
AMD A4-3320M APU,668,35.0,Laptop,2,AMD Radeon Graphics
AMD A4-3330MX APU,761,45.0,Laptop,2,AMD Radeon Graphics
AMD A4-4300M APU,967,35.0,Laptop,1,AMD Radeon Graphics
AMD A4-4355M APU,801,17.0,Laptop,2,AMD Radeon Graphics
AMD A4-5000 APU,"1,286",15.0,Laptop,4,AMD Radeon HD 7480D
AMD A4-5050 APU,"1,328",13.5,Laptop,4,AMD Radeon HD 7480D
AMD A4-5100 APU,"1,301",15.0,Laptop,4,AMD Radeon HD 7480D
AMD A4-5150M APU,969,35.0,Laptop,2,AMD Radeon HD 7480D
AMD A4-6210 APU,"1,493",15.0,Laptop,4,AMD Radeon HD 8370D
AMD A4-7210 APU,"1,667",25.0,Laptop,4,AMD Radeon R4 Graphics
AMD A4-9120,"1,222",15.0,Laptop,2,AMD Radeon R4 Graphics
AMD A4-9120C,885,6.0,Laptop,2,AMD Radeon R4 Graphics
AMD A4-9120e,854,6.0,Laptop,2,AMD Radeon R4 Graphics
AMD A4-9125,"1,200",15.0,Laptop,2,AMD Radeon R4 Graphics
AMD A6 Micro-6500T APU,"1,146",4.5,Laptop,4,AMD Radeon Graphics
AMD A6 PRO-7050B APU,971,17.0,Laptop,2,AMD Radeon Graphics
AMD A6-1450 APU,"1,062",8.0,Laptop,4,AMD Radeon Graphics
AMD A6-3400M APU,"1,230",35.0,Laptop,4,AMD Radeon Graphics
AMD A6-3410MX APU,"1,274",45.0,Laptop,4,AMD Radeon Graphics
AMD A6-3420M APU,"1,311",35.0,Laptop,4,AMD Radeon Graphics
AMD A6-3430MX APU,"1,389",45.0,Laptop,4,AMD Radeon Graphics
AMD A6-4400M APU,996,35.0,Laptop,1,AMD Radeon Graphics
AMD A6-4455M APU,811,17.0,Laptop,1,AMD Radeon Graphics
AMD A6-5200 APU,"1,659",25.0,Laptop,4,AMD Radeon HD 7540D
AMD A6-5345M APU,"1,122",17.0,Laptop,2,AMD Radeon HD 7540D
AMD A6-5350M APU,"1,207",35.0,Laptop,2,AMD Radeon HD 7540D
AMD A6-5357M APU,"1,219",35.0,Laptop,2,AMD Radeon HD 7540D
AMD A6-6310 APU,"1,671",15.0,Laptop,4,AMD Radeon HD 8470D
AMD A6-7000 ,"1,002",17.0,Laptop,2,AMD Radeon R4 Graphics
AMD A6-7310 APU,"1,751",25.0,Laptop,4,AMD Radeon R5 Graphics
AMD A6-8500P,"1,445",15.0,Laptop,2,AMD Radeon R5 Graphics
AMD A6-9200,"1,149",10.0,Laptop,2,AMD Radeon R5 Graphics
AMD A6-9210,"1,208",15.0,Laptop,2,AMD Radeon R5 Graphics
AMD A6-9220,"1,320",15.0,Laptop,2,AMD Radeon R5 Graphics
AMD A6-9220C,"1,053",6.0,Laptop,2,AMD Radeon R5 Graphics
AMD A6-9220e,960,6.0,Laptop,2,AMD Radeon R5 Graphics
AMD A6-9225,"1,335",15.0,Laptop,2,AMD Radeon R5 Graphics
AMD A6-9400,"2,717",10.0,Laptop,2,AMD Radeon R5 Graphics
AMD A8 PRO-7150B APU,"1,541",19.0,Laptop,4,AMD Radeon Graphics
AMD A8-3500M APU,"1,391",35.0,Laptop,4,AMD Radeon Graphics
AMD A8-3510MX APU,"1,631",45.0,Laptop,4,AMD Radeon Graphics
AMD A8-3520M APU,"1,440",35.0,Laptop,4,AMD Radeon Graphics
AMD A8-3530MX APU,"1,608",45.0,Laptop,4,AMD Radeon Graphics
AMD A8-3550MX APU,"1,687",45.0,Laptop,4,AMD Radeon Graphics
AMD A8-4500M APU,"1,694",35.0,Laptop,2,AMD Radeon Graphics
AMD A8-4555M APU,"1,341",19.0,Laptop,2,AMD Radeon Graphics
AMD A8-5545M APU,"1,628",19.0,Laptop,4,AMD Radeon HD 7560D
AMD A8-5550M APU,"1,820",35.0,Laptop,4,AMD Radeon HD 7560D
AMD A8-5557M APU,"1,831",35.0,Laptop,4,AMD Radeon HD 7560D
AMD A8-6410 APU,"1,773",15.0,Laptop,4,AMD Radeon HD 8570D
AMD A8-7050,"1,062",15.0,Laptop,2,AMD Radeon R7 Graphics
AMD A8-7100 APU,"1,654",19.0,Laptop,4,AMD Radeon R7 Graphics
AMD A8-7200P,"2,158",35.0,Laptop,4,AMD Radeon R7 Graphics
AMD A8-7410 APU,"1,815",25.0,Laptop,4,AMD Radeon R7 Graphics
AMD A8-7680,"3,526",45.0,Laptop,4,AMD Radeon R7 Graphics
AMD A8-8600P,"2,464",15.0,Laptop,2,AMD Radeon R6 Graphics
AMD A9-9400,"1,291",10.0,Laptop,2,AMD Radeon Graphics
AMD A9-9410,"1,546",25.0,Laptop,2,AMD Radeon Graphics
AMD A9-9420,"1,534",15.0,Laptop,2,AMD Radeon Graphics
AMD A9-9420e,"1,093",6.0,Laptop,2,AMD Radeon Graphics
AMD A9-9425,"1,523",15.0,Laptop,2,AMD Radeon Graphics
AMD Athlon 220GE,"4,444",35.0,Laptop,2,AMD Radeon Vega 3 Graphics
AMD Athlon 300U,"3,833",15.0,Laptop,2,AMD Radeon Graphics
AMD Athlon 64 X2 QL-60,655,35.0,Laptop,2,AMD Radeon Graphics
AMD Athlon 64 X2 QL-62,525,35.0,Laptop,2,AMD Radeon Graphics
AMD Athlon 64 X2 QL-64,618,35.0,Laptop,2,AMD Radeon Graphics
AMD Athlon 64 X2 QL-65,664,35.0,Laptop,2,AMD Radeon Graphics
AMD Athlon 64 X2 QL-66,641,35.0,Laptop,2,AMD Radeon Graphics
AMD Athlon 64 X2 QL-67,582,35.0,Laptop,2,AMD Radeon Graphics
AMD Athlon Gold 3150U,"3,904",15.0,Laptop,2,AMD Radeon Graphics
AMD Athlon Gold 7220U,"4,900",15.0,Laptop,2,AMD Radeon Graphics
AMD Athlon Gold PRO 4150GE,"8,259",35.0,Laptop,4,AMD Radeon Graphics
AMD Athlon II Dual-Core M300,670,35.0,Laptop,2,AMD Radeon Graphics
AMD Athlon II Dual-Core M320,770,35.0,Laptop,2,AMD Radeon Graphics
AMD Athlon II Dual-Core M340,807,35.0,Laptop,2,AMD Radeon Graphics
AMD Athlon II N330 Dual-Core,665,35.0,Laptop,2,AMD Radeon Graphics
AMD Athlon II N350 Dual-Core,856,35.0,Laptop,2,AMD Radeon Graphics
AMD Athlon II N370 Dual-Core,899,35.0,Laptop,2,AMD Radeon Graphics
AMD Athlon II Neo K125,315,12.0,Laptop,1,AMD Radeon Graphics
AMD Athlon II Neo K145,298,12.0,Laptop,1,AMD Radeon Graphics
AMD Athlon II Neo K325 Dual-Core,439,12.0,Laptop,2,AMD Radeon Graphics
AMD Athlon II Neo K345 Dual-Core,527,12.0,Laptop,2,AMD Radeon Graphics
AMD Athlon II Neo N36L Dual-Core,487,12.0,Laptop,2,AMD Radeon Graphics
AMD Athlon II P320 Dual-Core,714,25.0,Laptop,2,AMD Radeon Graphics
AMD Athlon II P340 Dual-Core,727,25.0,Laptop,2,AMD Radeon Graphics
AMD Athlon II P360 Dual-Core,760,25.0,Laptop,2,AMD Radeon Graphics
AMD Athlon PRO 300U,"4,080",15.0,Laptop,2,AMD Radeon Graphics
AMD Athlon PRO 3045B,"2,770",15.0,Laptop,2,AMD Radeon Graphics
AMD Athlon Silver 3050C,"2,879",15.0,Laptop,2,AMD Radeon Graphics
AMD Athlon Silver 3050e,"2,990",6.0,Laptop,2,AMD Radeon Graphics
AMD Athlon Silver 3050GE,"4,545",35.0,Laptop,2,AMD Radeon Graphics
AMD Athlon Silver 3050U,"2,947",15.0,Laptop,2,AMD Radeon Graphics
AMD Athlon Silver 7120U,"3,036",15.0,Laptop,2,AMD Radeon Graphics
AMD Athlon X2 Dual Core L310,343,13.0,Laptop,2,AMD Radeon Graphics
AMD C-30,178,9.0,Laptop,1,AMD Radeon Graphics
AMD C-50,262,9.0,Laptop,2,AMD Radeon Graphics
AMD E-240,195,18.0,Laptop,1,AMD Radeon Graphics
AMD E-300 APU,336,18.0,Laptop,2,AMD Radeon Graphics
AMD E-450 APU,439,18.0,Laptop,2,AMD Radeon Graphics
AMD E1 Micro-6200T APU,600,3.95,Laptop,2,AMD Radeon R2 Graphics
AMD E1-1200 APU,380,18.0,Laptop,2,AMD Radeon R2 Graphics
AMD E1-1500 APU,385,18.0,Laptop,2,AMD Radeon R2 Graphics
AMD E1-2100 APU,408,9.0,Laptop,2,AMD Radeon R2 Graphics
AMD E1-2200 APU,474,9.0,Laptop,2,AMD Radeon R2 Graphics
AMD E1-2500 APU,593,15.0,Laptop,2,AMD Radeon R2 Graphics
AMD E1-6010 APU,542,10.0,Laptop,2,AMD Radeon R2 Graphics
AMD E1-6015 APU,584,10.0,Laptop,2,AMD Radeon R2 Graphics
AMD E1-7010 APU,613,10.0,Laptop,2,AMD Radeon R2 Graphics
AMD E2-2000 APU,496,18.0,Laptop,2,AMD Radeon Graphics
AMD E2-3000 APU,743,15.0,Laptop,2,AMD Radeon Graphics
AMD E2-3000M APU,668,35.0,Laptop,2,AMD Radeon Graphics
AMD E2-3800 APU,"1,136",15.0,Laptop,4,AMD Radeon Graphics
AMD E2-6110 APU,"1,233",15.0,Laptop,4,AMD Radeon Graphics
AMD E2-7015,611,10.0,Laptop,2,AMD Radeon R2 Graphics
AMD E2-7015 APU,654,10.0,Laptop,2,AMD Radeon R2 Graphics
AMD E2-7110 APU,"1,492",15.0,Laptop,4,AMD Radeon R2 Graphics
AMD E2-9000,958,10.0,Laptop,2,AMD Radeon R2 Graphics
AMD E2-9000e,883,6.0,Laptop,2,AMD Radeon R2 Graphics
AMD E2-9010,"1,073",15.0,Laptop,2,AMD Radeon R2 Graphics
AMD FX-7500 APU,"1,927",19.0,Laptop,4,AMD Radeon Graphics
AMD FX-7600P,"2,557",35.0,Laptop,4,AMD Radeon Graphics
AMD FX-7600P APU,"2,856",35.0,Laptop,4,AMD Radeon Graphics
AMD FX-8800P,"2,837",35.0,Laptop,2,AMD Radeon Graphics
AMD FX-9800P,"2,465",15.0,Laptop,4,AMD Radeon Graphics
AMD FX-9830P,"3,307",35.0,Laptop,4,AMD Radeon Graphics
AMD G-T40E,289,6.4,Laptop,2,AMD Radeon Graphics
AMD G-T40N,299,9.0,Laptop,2,AMD Radeon Graphics
AMD G-T40R,120,5.5,Laptop,1,AMD Radeon Graphics
AMD G-T44R,116,9.0,Laptop,1,AMD Radeon Graphics
AMD G-T48E,423,18.0,Laptop,2,AMD Radeon Graphics
AMD G-T52R,177,18.0,Laptop,1,AMD Radeon Graphics
AMD G-T56E,442,18.0,Laptop,2,AMD Radeon Graphics
AMD G-T56N,484,18.0,Laptop,2,AMD Radeon Graphics
AMD GX-210JA SOC,248,6.0,Laptop,2,AMD Radeon Graphics
AMD GX-212JC SOC ,636,6.0,Laptop,2,AMD Radeon R2E Graphics
AMD GX-217GA SOC,794,15.0,Laptop,2,AMD Radeon Graphics
AMD GX-218GL SOC,754,15.0,Laptop,2,AMD Radeon Graphics
AMD GX-412HC,"1,095",7.0,Laptop,4,AMD Radeon Graphics
AMD GX-415GA SOC,"1,407",15.0,Laptop,4,AMD Radeon Graphics
AMD GX-420CA SOC,"1,785",25.0,Laptop,4,AMD Radeon Graphics
AMD GX-420MC SOC,"1,796",17.5,Laptop,4,AMD Radeon Graphics
AMD GX-424CC SOC,"1,819",25.0,Laptop,4,AMD Radeon Graphics
AMD Phenom II N620 Dual-Core,992,35.0,Laptop,2,AMD Radeon Graphics
AMD Phenom II N640 Dual-Core,"1,135",35.0,Laptop,2,AMD Radeon Graphics
AMD Phenom II N660 Dual-Core,"1,083",35.0,Laptop,2,AMD Radeon Graphics
AMD Phenom II N830 3+1,"1,768",35.0,Laptop,4,AMD Radeon Graphics
AMD Phenom II N830 Triple-Core,"1,249",35.0,Laptop,3,AMD Radeon Graphics
AMD Phenom II N850 Triple-Core,"1,318",35.0,Laptop,3,AMD Radeon Graphics
AMD Phenom II N870 Triple-Core,"1,324",35.0,Laptop,3,AMD Radeon Graphics
AMD Phenom II N930 Quad-Core,"1,580",35.0,Laptop,4,AMD Radeon Graphics
AMD Phenom II N950 Quad-Core,"1,616",35.0,Laptop,4,AMD Radeon Graphics
AMD Phenom II N970 Quad-Core,"1,728",35.0,Laptop,4,AMD Radeon Graphics
AMD Phenom II P650 Dual-Core,"1,018",35.0,Laptop,2,AMD Radeon Graphics
AMD Phenom II P820 Triple-Core,"1,125",25.0,Laptop,3,AMD Radeon Graphics
AMD Phenom II P840 Triple-Core,"1,079",35.0,Laptop,3,AMD Radeon Graphics
AMD Phenom II P860 Triple-Core,"1,250",35.0,Laptop,3,AMD Radeon Graphics
AMD Phenom II P920 Quad-Core,"1,006",25.0,Laptop,4,AMD Radeon Graphics
AMD Phenom II P940 Quad-Core,"1,319",35.0,Laptop,4,AMD Radeon Graphics
AMD Phenom II P960 Quad-Core,"1,424",35.0,Laptop,4,AMD Radeon Graphics
AMD Phenom II X620 Dual-Core,"1,262",45.0,Laptop,2,AMD Radeon Graphics
AMD Phenom II X920 Quad-Core,"1,669",45.0,Laptop,4,AMD Radeon Graphics
AMD Phenom II X940 Quad-Core,"1,797",45.0,Laptop,4,AMD Radeon Graphics
AMD PRO A10-8700B,"2,164",15.0,Laptop,2,AMD Radeon R6 Graphics
AMD PRO A10-8730B,"2,311",15.0,Laptop,4,AMD Radeon R6 Graphics
AMD PRO A10-9700B,"2,530",15.0,Laptop,4,AMD Radeon R7 Graphics
AMD PRO A12-8800B,"2,667",15.0,Laptop,2,AMD Radeon Graphics
AMD PRO A12-8830B,"2,626",15.0,Laptop,4,AMD Radeon Graphics
AMD PRO A12-9800B,"2,705",15.0,Laptop,4,AMD Radeon R7 Graphics
AMD PRO A4-3350B APU,"1,764",15.0,Laptop,4,AMD Radeon Graphics
AMD PRO A4-4350B,"1,073",15.0,Laptop,2,AMD Radeon Graphics
AMD PRO A6-7350B,"1,299",15.0,Laptop,2,AMD Radeon R5 Graphics
AMD PRO A6-8500B,"1,592",15.0,Laptop,2,AMD Radeon R5 Graphics
AMD PRO A6-8530B,"1,246",15.0,Laptop,2,AMD Radeon R5 Graphics
AMD PRO A6-9500B,"1,363",15.0,Laptop,2,AMD Radeon R5 Graphics
AMD PRO A8-8600B,"2,203",15.0,Laptop,4,AMD Radeon R6 Graphics
AMD PRO A8-9600B,"2,209",15.0,Laptop,4,AMD Radeon R7 Graphics
AMD QC-4000,"1,155",15.0,Laptop,4,AMD Radeon Graphics
AMD R-260H APU,954,17.0,Laptop,2,AMD Radeon Graphics
AMD R-460L APU,"1,538",25.0,Laptop,4,AMD Radeon Graphics
AMD RX-427BB,"2,669",35.0,Laptop,4,AMD Radeon Graphics
AMD Ryzen 3 2200U,"3,649",15.0,Laptop,2,AMD Radeon Vega 3 Graphics
AMD Ryzen 3 2300U,"5,484",15.0,Laptop,4,AMD Radeon Vega 6 Graphics
AMD Ryzen 3 3200U,"3,732",15.0,Laptop,2,AMD Radeon Vega 3 Graphics
AMD Ryzen 3 3250U,"3,705",15.0,Laptop,2,AMD Radeon Vega 3 Graphics
AMD Ryzen 3 3300U,"5,687",15.0,Laptop,4,AMD Radeon Vega 6 Graphics
AMD Ryzen 3 3350U,"5,732",15.0,Laptop,4,AMD Radeon Vega 6 Graphics
AMD Ryzen 3 4300U,"7,325",15.0,Laptop,4,AMD Radeon Graphics
AMD Ryzen 3 5300U,"9,404",15.0,Laptop,4,AMD Radeon Graphics
AMD Ryzen 3 5400U,"11,007",15.0,Laptop,4,AMD Radeon Graphics
AMD Ryzen 3 5425U,"11,260",15.0,Laptop,4,AMD Radeon Graphics
AMD Ryzen 3 7320C,"8,193",15.0,Laptop,4,AMD Radeon 610M
AMD Ryzen 3 7320U,"8,590",15.0,Laptop,4,AMD Radeon 610M
AMD Ryzen 3 7330U,"10,448",15.0,Laptop,4,AMD Radeon Graphics
AMD Ryzen 3 7440U,"13,100",28.0,Laptop,4,AMD Radeon 740M
AMD Ryzen 3 PRO 2300U,"5,631",15.0,Laptop,4,AMD Radeon Vega 8 Graphics
AMD Ryzen 3 PRO 3200GE,"6,797",35.0,Laptop,4,AMD Radeon Vega 8 Graphics
AMD Ryzen 3 PRO 3300U,"5,801",15.0,Laptop,4,AMD Radeon Vega 8 Graphics
AMD Ryzen 3 PRO 4200GE,"10,930",35.0,Laptop,4,AMD Radeon Graphics
AMD Ryzen 3 PRO 4450U,"9,440",15.0,Laptop,4,AMD Radeon Graphics
AMD Ryzen 3 PRO 5450U,"10,803",15.0,Laptop,4,AMD Radeon Graphics
AMD Ryzen 3 PRO 5475U,"11,141",15.0,Laptop,4,AMD Radeon Graphics
AMD Ryzen 3 PRO 7330U,"12,413",15.0,Laptop,4,AMD Radeon Graphics
AMD Ryzen 5 2500U,"6,498",15.0,Laptop,4,AMD Radeon Vega 8 Graphics
AMD Ryzen 5 2600H,"8,002",45.0,Laptop,4,AMD Radeon Vega 8 Graphics
AMD Ryzen 5 3450U,"6,535",15.0,Laptop,4,AMD Radeon Vega 8 Graphics
AMD Ryzen 5 3500C,"5,786",15.0,Laptop,4,AMD Radeon Vega 8 Graphics
AMD Ryzen 5 3500U,"6,828",15.0,Laptop,4,AMD Radeon Vega 8 Graphics
AMD Ryzen 5 3550H,"7,677",35.0,Laptop,4,AMD Radeon Vega 8 Graphics
AMD Ryzen 5 3550U,"7,681",15.0,Laptop,4,AMD Radeon Vega 8 Graphics
AMD Ryzen 5 3580U,"7,139",15.0,Laptop,4,AMD Radeon Vega 9 Graphics
AMD Ryzen 5 4500U,"10,692",15.0,Laptop,6,AMD Radeon Graphics
AMD Ryzen 5 4600H,"14,172",45.0,Laptop,6,AMD Radeon Graphics
AMD Ryzen 5 4600HS,"14,349",35.0,Laptop,6,AMD Radeon Graphics
AMD Ryzen 5 4600U,"13,035",15.0,Laptop,6,AMD Radeon Graphics
AMD Ryzen 5 5500H,"11,442",45.0,Laptop,4,
AMD Ryzen 5 5500U,"12,715",15.0,Laptop,6,AMD Radeon Graphics
AMD Ryzen 5 5560U,"15,205",15.0,Laptop,6,AMD Radeon Graphics
AMD Ryzen 5 5600H,"16,492",45.0,Laptop,6,AMD Radeon Graphics
AMD Ryzen 5 5600U,"15,034",15.0,Laptop,6,AMD Radeon Graphics
AMD Ryzen 5 5625U,"14,654",15.0,Laptop,6,AMD Radeon Graphics
AMD Ryzen 5 6600H,"18,456",45.0,Laptop,6,AMD Radeon 660M
AMD Ryzen 5 6600HS Creator Edition,"17,708",35.0,Laptop,6,AMD Radeon 660M
AMD Ryzen 5 6600U,"16,924",25.0,Laptop,6,AMD Radeon 660M
AMD Ryzen 5 7430U,"15,882",15.0,Laptop,6,AMD Radeon Graphics
AMD Ryzen 5 7520U,"9,025",15.0,Laptop,4,AMD Radeon 610M
AMD Ryzen 5 7530U,"15,267",15.0,Laptop,6,AMD Radeon Graphics
AMD Ryzen 5 7533HS,"15,249",54.0,Laptop,6,AMD Radeon Graphics
AMD Ryzen 5 7535H,"14,065",35.0,Laptop,6,AMD Radeon 660M
AMD Ryzen 5 7535HS,"17,777",35.0,Laptop,6,AMD Radeon 660M
AMD Ryzen 5 7535U,"16,858",28.0,Laptop,6,AMD Radeon 660M
AMD Ryzen 5 7540U,"18,627",28.0,Laptop,6,AMD Radeon 740M
AMD Ryzen 5 7545U,"20,247",28.0,Laptop,6,AMD Radeon Graphics
AMD Ryzen 5 7640HS,"22,849",54.0,Laptop,6,AMD Radeon 760M
AMD Ryzen 5 7640U,"20,717",28.0,Laptop,6,AMD Radeon 760M
AMD Ryzen 5 7645HX,"26,097",55.0,Laptop,6,AMD Radeon Graphics
AMD Ryzen 5 Microsoft Surface Edition,"7,243",15.0,Laptop,4,AMD Radeon Graphics
AMD Ryzen 5 PRO 215,"17,969",28.0,Laptop,6,AMD Radeon 600M Graphics
AMD Ryzen 5 PRO 2500U,"6,612",15.0,Laptop,4,AMD Radeon Graphics
AMD Ryzen 5 PRO 3500U,"6,937",15.0,Laptop,4,AMD Radeon Graphics
AMD Ryzen 5 PRO 4400GE,"14,795",35.0,Laptop,6,AMD Radeon Graphics
AMD Ryzen 5 PRO 4500U,"12,117",15.0,Laptop,6,AMD Radeon Graphics
AMD Ryzen 5 PRO 4650U,"12,063",15.0,Laptop,6,AMD Radeon Graphics
AMD Ryzen 5 PRO 5650U,"14,187",15.0,Laptop,6,AMD Radeon Graphics
AMD Ryzen 5 PRO 5675U,"14,159",15.0,Laptop,6,AMD Radeon Graphics
AMD Ryzen 5 PRO 6650H,"18,244",45.0,Laptop,6,AMD Radeon 660M
AMD Ryzen 5 PRO 6650U,"16,194",28.0,Laptop,6,AMD Radeon 660M
AMD Ryzen 5 PRO 7530U,"14,030",15.0,Laptop,6,AMD Radeon Graphics
AMD Ryzen 5 Pro 7535U,"16,067",28.0,Laptop,6,AMD Radeon Graphics
AMD Ryzen 5 PRO 7540U,"17,475",30.0,Laptop,6,AMD Radeon Graphics
AMD Ryzen 5 PRO 7640HS,"22,188",54.0,Laptop,6,AMD Radeon 760M
AMD Ryzen 5 PRO 8640U,"22,373",28.0,Laptop,6,AMD Radeon Graphics
AMD Ryzen 7 255,"29,730",28.0,Laptop,8,AMD Radeon 600M Graphics
AMD Ryzen 7 2700U,"6,825",15.0,Laptop,4,AMD Radeon Vega 10 Graphics
AMD Ryzen 7 2800H,"8,170",45.0,Laptop,4,AMD Radeon Vega 11 Graphics
AMD Ryzen 7 3700U,"7,035",15.0,Laptop,4,AMD Radeon Vega 10 Graphics
AMD Ryzen 7 3750H,"7,975",35.0,Laptop,4,AMD Radeon Graphics
AMD Ryzen 7 3780U,"7,483",15.0,Laptop,4,AMD Radeon Vega 11 Graphics
AMD Ryzen 7 4700U,"13,157",15.0,Laptop,8,AMD Radeon Graphics
AMD Ryzen 7 4800H,"18,021",45.0,Laptop,8,AMD Radeon Graphics
AMD Ryzen 7 4800HS,"18,025",45.0,Laptop,8,AMD Radeon Graphics
AMD Ryzen 7 4800U,"16,411",15.0,Laptop,8,AMD Radeon Graphics
AMD Ryzen 7 4850U Mobile,"17,110",15.0,Laptop,8,AMD Radeon Graphics
AMD Ryzen 7 4980U Microsoft Surface Edition,"17,469",15.0,Laptop,8,AMD Radeon Graphics
AMD Ryzen 7 5700U,"15,486",15.0,Laptop,8,AMD Radeon Graphics
AMD Ryzen 7 5800H,"20,643",45.0,Laptop,8,AMD Radeon Graphics
AMD Ryzen 7 5800HS,"19,476",35.0,Laptop,8,AMD Radeon Graphics
AMD Ryzen 7 5800HS Creator Edition,"17,636",35.0,Laptop,8,AMD Radeon Graphics
AMD Ryzen 7 5800U,"18,050",15.0,Laptop,8,AMD Radeon Graphics
AMD Ryzen 7 5825U,"17,993",15.0,Laptop,8,AMD Radeon Graphics
AMD Ryzen 7 6800H,"22,874",45.0,Laptop,8,AMD Radeon 680M
AMD Ryzen 7 6800HS,"22,603",35.0,Laptop,8,AMD Radeon 680M
AMD Ryzen 7 6800HS Creator Edition,"21,400",35.0,Laptop,8,AMD Radeon 680M
AMD Ryzen 7 6800U,"20,768",28.0,Laptop,8,AMD Radeon 680M
AMD Ryzen 7 6810U,"22,741",15.0,Laptop,8,AMD Radeon Graphics
AMD Ryzen 7 7445HS,"19,057",35.0,Laptop,6,AMD Radeon Graphics
AMD Ryzen 7 7700G,"32,432",65.0,Laptop,8,AMD Radeon Graphics
AMD Ryzen 7 7730U,"17,612",15.0,Laptop,8,AMD Radeon Graphics
AMD Ryzen 7 7735H,"23,509",54.0,Laptop,8,AMD Radeon 680M
AMD Ryzen 7 7735HS,"22,721",54.0,Laptop,8,AMD Radeon 680M
AMD Ryzen 7 7735U,"20,495",28.0,Laptop,8,AMD Radeon 680M
AMD Ryzen 7 7736U,"21,696",28.0,Laptop,8,AMD Radeon Graphics
AMD Ryzen 7 7745HX,"32,490",55.0,Laptop,8,AMD Radeon Graphics
AMD Ryzen 7 7840H,"27,816",54.0,Laptop,8,AMD Radeon 780M
AMD Ryzen 7 7840HS,"28,487",54.0,Laptop,8,AMD Radeon 780M
AMD Ryzen 7 7840S,"23,290",54.0,Laptop,8,AMD Radeon Graphics
AMD Ryzen 7 7840U,"24,502",30.0,Laptop,8,AMD Radeon 780M
AMD Ryzen 7 8745H,"29,422",45.0,Laptop,8,AMD Radeon Graphics
AMD Ryzen 7 Extreme Edition,"16,329",45.0,Laptop,8,AMD Radeon Graphics
AMD Ryzen 7 H 250,"24,508",45.0,Laptop,8,AMD Radeon 610M Graphics
AMD Ryzen 7 H 260,"29,321",45.0,Laptop,8,AMD Radeon 610M Graphics
AMD Ryzen 7 PRO 250,"21,384",28.0,Laptop,8,AMD Radeon 600M Graphics
AMD Ryzen 7 PRO 2700U,"7,007",15.0,Laptop,4,AMD Radeon Graphics
AMD Ryzen 7 PRO 3700U,"7,187",15.0,Laptop,4,AMD Radeon Graphics
AMD Ryzen 7 PRO 4750U,"14,736",15.0,Laptop,8,AMD Radeon Graphics
AMD Ryzen 7 PRO 5800H,"19,461",45.0,Laptop,8,AMD Radeon Graphics
AMD Ryzen 7 PRO 5850U,"16,775",15.0,Laptop,8,AMD Radeon Graphics
AMD Ryzen 7 PRO 5875U,"16,668",15.0,Laptop,8,AMD Radeon Graphics
AMD Ryzen 7 PRO 6850H,"23,428",45.0,Laptop,8,AMD Radeon 680M
AMD Ryzen 7 PRO 6850HS,"22,322",35.0,Laptop,8,AMD Radeon 680M
AMD Ryzen 7 PRO 6850U,"20,473",28.0,Laptop,8,AMD Radeon 680M
AMD Ryzen 7 PRO 6860Z,"20,084",28.0,Laptop,8,AMD Radeon 680M
AMD Ryzen 7 PRO 7730U,"18,138",15.0,Laptop,8,AMD Radeon Graphics
AMD Ryzen 7 Pro 7735U,"18,465",28.0,Laptop,8,AMD Radeon Graphics
AMD Ryzen 7 PRO 7840HS,"26,779",54.0,Laptop,8,AMD Radeon 780M
AMD Ryzen 7 PRO 7840U,"24,440",30.0,Laptop,8,AMD Radeon 780M
AMD Ryzen 7 PRO 8840H,"27,994",45.0,Laptop,8,AMD Radeon Graphics
AMD Ryzen 9 4900H,"18,832",45.0,Laptop,8,AMD Radeon Graphics
AMD Ryzen 9 4900HS,"18,791",35.0,Laptop,8,AMD Radeon Graphics
AMD Ryzen 9 4950U Mobile,"16,290",15.0,Laptop,8,AMD Radeon Graphics
AMD Ryzen 9 5900H,"13,510",45.0,Laptop,8,AMD Radeon Graphics
AMD Ryzen 9 5900HS,"21,154",35.0,Laptop,8,AMD Radeon Graphics
AMD Ryzen 9 5900HS Creator Edition,"18,169",35.0,Laptop,8,AMD Radeon Graphics
AMD Ryzen 9 5900HX,"22,145",45.0,Laptop,8,AMD Radeon Graphics
AMD Ryzen 9 5980HS,"20,257",35.0,Laptop,8,AMD Radeon Graphics
AMD Ryzen 9 5980HX,"23,193",45.0,Laptop,8,AMD Radeon Graphics
AMD Ryzen 9 6900HS,"23,000",35.0,Laptop,8,AMD Radeon 680M
AMD Ryzen 9 6900HS Creator Edition,"21,158",35.0,Laptop,8,AMD Radeon 680M
AMD Ryzen 9 6900HX,"24,191",45.0,Laptop,8,AMD Radeon 680M
AMD Ryzen 9 7845HX,"44,882",55.0,Laptop,12,
AMD Ryzen 9 7940H,"29,168",54.0,Laptop,8,AMD Radeon 780M
AMD Ryzen 9 7940HS,"29,949",54.0,Laptop,8,AMD Radeon 780M
AMD Ryzen 9 7945HX,"54,206",55.0,Laptop,16,AMD Radeon Graphics
AMD Ryzen 9 7945HX3D,"57,842",55.0,Laptop,16,AMD Radeon Graphics
AMD Ryzen 9 8945HX,"52,029",55.0,Laptop,16,
AMD Ryzen 9 PRO 6950H,"23,810",45.0,Laptop,8,AMD Radeon Graphics
AMD Ryzen 9 PRO 6950HS,"22,631",35.0,Laptop,8,AMD Radeon Graphics
AMD Ryzen 9 PRO 7940HS,"27,287",45.0,Laptop,8,AMD Radeon Graphics
AMD Ryzen AI 5 430,"13,958",28.0,Laptop,1,AMD Radeon 860M
AMD Ryzen AI 7 350,"24,920",45.0,Laptop,4,AMD Radeon 880M
AMD Ryzen AI 7 PRO 450,"26,108",28.0,Laptop,4,AMD Radeon 880M
AMD Ryzen AI 9 H 365,"30,235",54.0,Laptop,4,AMD Radeon 880M
AMD Ryzen AI 9 HX 470,"36,044",28.0,Laptop,4,AMD Radeon 890M
AMD Ryzen AI Max Pro 380,"24,431",55.0,Laptop,6,AMD Radeon 8060S Graphics
AMD Ryzen AI Max Pro 390,"43,016",55.0,Laptop,12,AMD Radeon 8060S Graphics
AMD Ryzen AI Max+ 395,"55,181",55.0,Laptop,16,AMD Radeon 8060S Graphics
AMD Ryzen AI Max+ Pro 395,"51,491",55.0,Laptop,16,AMD Radeon 8060S Graphics
AMD Sempron M120,281,25.0,Laptop,1,AMD Radeon Graphics
AMD Sempron SI-40,288,25.0,Laptop,1,AMD Radeon Graphics
AMD Sempron SI-42,245,25.0,Laptop,1,AMD Radeon Graphics
AMD Turion 64 Mobile MK-36,334,31.0,Laptop,1,AMD Radeon Graphics
AMD Turion 64 Mobile MK-38,362,31.0,Laptop,1,AMD Radeon Graphics
AMD Turion 64 Mobile ML-28,254,25.0,Laptop,1,AMD Radeon Graphics
AMD Turion 64 Mobile ML-30,277,35.0,Laptop,1,AMD Radeon Graphics
AMD Turion 64 Mobile ML-32,285,35.0,Laptop,1,AMD Radeon Graphics
AMD Turion 64 Mobile ML-34,319,35.0,Laptop,1,AMD Radeon Graphics
AMD Turion 64 Mobile ML-37,334,35.0,Laptop,1,AMD Radeon Graphics
AMD Turion 64 Mobile ML-40,336,35.0,Laptop,1,AMD Radeon Graphics
AMD Turion 64 Mobile ML-42,400,35.0,Laptop,1,AMD Radeon Graphics
AMD Turion 64 Mobile ML-44,384,35.0,Laptop,1,AMD Radeon Graphics
AMD Turion 64 Mobile MT-30,246,25.0,Laptop,1,AMD Radeon Graphics
AMD Turion 64 Mobile MT-32,286,24.0,Laptop,1,AMD Radeon Graphics
AMD Turion 64 Mobile MT-34,279,24.0,Laptop,1,AMD Radeon Graphics
AMD Turion 64 Mobile MT-37,274,25.0,Laptop,1,AMD Radeon Graphics
AMD Turion 64 X2 Mobile TL-50,486,31.0,Laptop,2,AMD Radeon Graphics
AMD Turion 64 X2 Mobile TL-52,536,31.0,Laptop,2,AMD Radeon Graphics
AMD Turion 64 X2 Mobile TL-56,514,31.0,Laptop,2,AMD Radeon Graphics
AMD Turion 64 X2 Mobile TL-58,485,31.0,Laptop,2,AMD Radeon Graphics
AMD Turion 64 X2 Mobile TL-60,641,31.0,Laptop,2,AMD Radeon Graphics
AMD Turion 64 X2 Mobile TL-62,668,35.0,Laptop,2,AMD Radeon Graphics
AMD Turion 64 X2 Mobile TL-64,716,35.0,Laptop,2,AMD Radeon Graphics
AMD Turion 64 X2 Mobile TL-66,716,35.0,Laptop,2,AMD Radeon Graphics
AMD Turion 64 X2 Mobile TL-68,866,35.0,Laptop,2,AMD Radeon Graphics
AMD Turion Dual-Core RM-70,561,31.0,Laptop,2,AMD Radeon Graphics
AMD Turion Dual-Core RM-72,649,35.0,Laptop,2,AMD Radeon Graphics
AMD Turion Dual-Core RM-74,588,35.0,Laptop,2,AMD Radeon Graphics
AMD Turion Dual-Core RM-75,659,35.0,Laptop,2,AMD Radeon Graphics
AMD Turion II Dual-Core Mobile M500,751,35.0,Laptop,2,AMD Radeon Graphics
AMD Turion II Dual-Core Mobile M520,855,35.0,Laptop,2,AMD Radeon Graphics
AMD Turion II Dual-Core Mobile M540,912,35.0,Laptop,2,AMD Radeon Graphics
AMD Turion II N530 Dual-Core,855,35.0,Laptop,2,AMD Radeon Graphics
AMD Turion II N550 Dual-Core,877,35.0,Laptop,2,AMD Radeon Graphics
AMD Turion II Neo K625 Dual-Core,618,15.0,Laptop,2,AMD Radeon Graphics
AMD Turion II Neo K685 Dual-Core,684,15.0,Laptop,2,AMD Radeon Graphics
AMD Turion II Neo N40L Dual-Core,631,15.0,Laptop,2,AMD Radeon Graphics
AMD Turion II Neo N54L Dual-Core,862,25.0,Laptop,2,AMD Radeon Graphics
AMD Turion II P520 Dual-Core,870,25.0,Laptop,2,AMD Radeon Graphics
AMD Turion II P540 Dual-Core,922,35.0,Laptop,2,AMD Radeon Graphics
AMD Turion II P560 Dual-Core,913,25.0,Laptop,2,AMD Radeon Graphics
AMD Turion II Ultra Dual-Core Mobile M600,955,35.0,Laptop,2,AMD Radeon Graphics
AMD Turion II Ultra Dual-Core Mobile M620,814,35.0,Laptop,2,AMD Radeon Graphics
AMD Turion II Ultra Dual-Core Mobile M640,"1,034",35.0,Laptop,2,AMD Radeon Graphics
AMD Turion II Ultra Dual-Core Mobile M660,"1,011",35.0,Laptop,2,AMD Radeon Graphics
AMD Turion Neo X2 Dual Core L625,468,18.0,Laptop,2,AMD Radeon Graphics
AMD Turion X2 Dual Core L510,603,20.0,Laptop,2,AMD Radeon Graphics
AMD Turion X2 Dual Core Mobile RM-70,497,31.0,Laptop,2,AMD Radeon Graphics
AMD Turion X2 Dual Core Mobile RM-76,691,35.0,Laptop,2,AMD Radeon Graphics
AMD Turion X2 Dual-Core Mobile RM-70,612,31.0,Laptop,2,AMD Radeon Graphics
AMD Turion X2 Dual-Core Mobile RM-72,656,35.0,Laptop,2,AMD Radeon Graphics
AMD Turion X2 Dual-Core Mobile RM-74,652,35.0,Laptop,2,AMD Radeon Graphics
AMD Turion X2 Dual-Core Mobile RM-75,733,35.0,Laptop,2,AMD Radeon Graphics
AMD Turion X2 Dual-Core Mobile RM-76,799,35.0,Laptop,2,AMD Radeon Graphics
AMD Turion X2 Dual-Core Mobile RM-77,562,35.0,Laptop,2,AMD Radeon Graphics
AMD Turion X2 Ultra Dual-Core Mobile ZM-80,506,32.0,Laptop,2,AMD Radeon Graphics
AMD Turion X2 Ultra Dual-Core Mobile ZM-82,645,35.0,Laptop,2,AMD Radeon Graphics
AMD Turion X2 Ultra Dual-Core Mobile ZM-84,802,35.0,Laptop,2,AMD Radeon Graphics
AMD Turion X2 Ultra Dual-Core Mobile ZM-85,828,35.0,Laptop,2,AMD Radeon Graphics
AMD Turion X2 Ultra Dual-Core Mobile ZM-86,695,35.0,Laptop,2,AMD Radeon Graphics
AMD Turion X2 Ultra Dual-Core Mobile ZM-87,783,35.0,Laptop,2,AMD Radeon Graphics
AMD TurionX2 Dual Core Mobile RM-70,536,31.0,Laptop,2,AMD Radeon Graphics
AMD TurionX2 Dual Core Mobile RM-72,471,35.0,Laptop,2,AMD Radeon Graphics
AMD TurionX2 Ultra DualCore Mobile ZM-85,841,35.0,Laptop,2,AMD Radeon Graphics
AMD V105,184,9.0,Laptop,1,AMD Radeon Graphics
AMD V120,390,25.0,Laptop,1,AMD Radeon Graphics
AMD V140,422,25.0,Laptop,1,AMD Radeon Graphics
AMD V160,360,25.0,Laptop,1,AMD Radeon Graphics
AMD Z-60 APU,262,4.5,Laptop,2,AMD Radeon Graphics
Apple M2 Max 12 Core 3680 MHz,"26,839",30.0,Laptop,12,Apple 38-core GPU
Apple M2 Pro 12 Core 3480 MHz,"26,697",30.0,Laptop,12,Apple 19-core GPU
Apple M3 Max 14 Core,"36,485",78.0,Laptop,10,Apple GPU
Apple M3 Max 16 Core,"41,279",78.0,Laptop,12,Apple GPU
Apple M3 Pro 11 Core,"24,866",27.0,Laptop,5,Apple GPU
Apple M3 Pro 12 Core,"24,059",27.0,Laptop,6,Apple GPU
Apple M4 Max 14 Core,"38,486",40.0,Laptop,10,Apple GPU
Apple M4 Max 16 Core,"44,048",40.0,Laptop,12,Apple GPU
Celeron Dual-Core T3000 @ 1.80GHz,650,35.0,Laptop,2,
Celeron Dual-Core T3100 @ 1.90GHz,625,35.0,Laptop,2,
Celeron Dual-Core T3300 @ 2.00GHz,633,35.0,Laptop,2,
Celeron Dual-Core T3500 @ 2.10GHz,764,35.0,Laptop,2,
Fabrikams XY9 @ 3.15 GHz,"6,715",15.0,Laptop,8,
Intel Atom C2338 @ 1.74GHz,584,7.0,Laptop,2,
Intel Atom C2358 @ 1.74GHz,562,7.0,Laptop,2,
Intel Atom C2538 @ 2.40GHz,968,15.0,Laptop,4,
Intel Atom D2701 @ 2.13GHz,515,10.0,Laptop,2,Intel HD Graphics
Intel Atom E3826 @ 1.46GHz,334,7.0,Laptop,2,Intel HD Graphics
Intel Atom E3827 @ 1.74GHz,480,8.0,Laptop,2,Intel HD Graphics
Intel Atom E3900 @ 1.60GHz,"1,953",10.0,Laptop,4,Intel HD Graphics
Intel Atom N2100 @ 1.60GHz,193,3.5,Laptop,1,Intel GMA 3150
Intel Atom N2600 @ 1.60GHz,344,3.5,Laptop,2,Intel GMA 3150
Intel Atom N270 @ 1.60GHz,136,2.5,Laptop,1,Intel GMA 3150
Intel Atom N280 @ 1.66GHz,157,2.5,Laptop,1,Intel GMA 3150
Intel Atom N2800 @ 1.86GHz,444,6.5,Laptop,2,Intel GMA 3150
Intel Atom N450 @ 1.66GHz,206,5.5,Laptop,1,Intel GMA 3150
Intel Atom N455 @ 1.66GHz,188,6.5,Laptop,1,Intel GMA 3150
Intel Atom N470 @ 1.83GHz,224,6.5,Laptop,1,Intel GMA 3150
Intel Atom N475 @ 1.83GHz,179,6.5,Laptop,1,Intel GMA 3150
Intel Atom N550 @ 1.50GHz,304,8.5,Laptop,2,Intel GMA 3150
Intel Atom N570 @ 1.66GHz,360,8.5,Laptop,2,Intel GMA 3150
Intel Atom T5700 @ 1.70GHz,"2,363",10.0,Laptop,4,Intel HD Graphics 500
Intel Atom x5-E3930 @ 1.30GHz,865,6.5,Laptop,2,Intel HD Graphics
Intel Atom x5-E3940 @ 1.60GHz,"1,816",9.5,Laptop,4,Intel HD Graphics
Intel Atom x5-E8000 @ 1.04GHz,990,5.0,Laptop,4,Intel HD Graphics
Intel Atom x5-Z8330 @ 1.44GHz,800,4.0,Laptop,4,Intel HD Graphics
Intel Atom x5-Z8350 @ 1.44GHz,894,4.0,Laptop,4,Intel HD Graphics
Intel Atom x5-Z8500 @ 1.44GHz,"1,245",4.0,Laptop,4,Intel HD Graphics
Intel Atom x7-E3950 @ 1.60GHz,"2,071",12.0,Laptop,4,Intel HD Graphics
Intel Atom x7-Z8700 @ 1.60GHz,"1,322",4.0,Laptop,4,Intel HD Graphics
Intel Atom x7-Z8750 @ 1.60GHz,"1,294",4.0,Laptop,4,Intel HD Graphics
Intel Atom Z2760 @ 1.80GHz,298,1.7,Laptop,2,Intel HD Graphics
Intel Atom Z3735D @ 1.33GHz,704,4.4,Laptop,4,Intel HD Graphics
Intel Atom Z3735E @ 1.33GHz,557,4.4,Laptop,4,Intel HD Graphics
Intel Atom Z3735F @ 1.33GHz,542,4.4,Laptop,4,Intel HD Graphics
Intel Atom Z3735G @ 1.33GHz,772,4.4,Laptop,4,Intel HD Graphics
Intel Atom Z3736F @ 1.33GHz,496,4.4,Laptop,4,Intel HD Graphics
Intel Atom Z3740 @ 1.33GHz,638,4.0,Laptop,4,Intel HD Graphics
Intel Atom Z3740D @ 1.33GHz,618,4.4,Laptop,4,Intel HD Graphics
Intel Atom Z3745 @ 1.33GHz,621,4.0,Laptop,4,Intel HD Graphics
Intel Atom Z3745D @ 1.33GHz,599,4.4,Laptop,4,Intel HD Graphics
Intel Atom Z3770 @ 1.46GHz,728,4.0,Laptop,4,Intel HD Graphics
Intel Atom Z3770D @ 1.49GHz,488,4.4,Laptop,4,Intel HD Graphics
Intel Atom Z3775 @ 1.46GHz,702,4.0,Laptop,4,Intel HD Graphics
Intel Atom Z3775D @ 1.49GHz,794,4.4,Laptop,4,Intel HD Graphics
Intel Atom Z3795 @ 1.60GHz,"1,196",4.0,Laptop,4,Intel HD Graphics
Intel Atom Z520 @ 1.33GHz,122,2.0,Laptop,1,Intel GMA 500
Intel Atom Z530 @ 1.60GHz,183,2.0,Laptop,1,Intel GMA 500
Intel Atom Z670 @ 1.50GHz,158,3.0,Laptop,1,Intel GMA 500
Intel Celeron 1000M @ 1.80GHz,"1,065",35.0,Laptop,2,Intel HD Graphics
Intel Celeron 1005M @ 1.90GHz,"1,119",35.0,Laptop,2,Intel HD Graphics
Intel Celeron 1007U @ 1.50GHz,844,17.0,Laptop,2,Intel HD Graphics
Intel Celeron 1017U @ 1.60GHz,884,17.0,Laptop,2,Intel HD Graphics
Intel Celeron 1020E @ 2.20GHz,"1,406",35.0,Laptop,2,Intel HD Graphics
Intel Celeron 1020M @ 2.10GHz,"1,275",35.0,Laptop,2,Intel HD Graphics
Intel Celeron 1037U @ 1.80GHz,"1,036",17.0,Laptop,2,Intel HD Graphics
Intel Celeron 2000E @ 2.20GHz,"1,607",37.0,Laptop,2,Intel HD Graphics
Intel Celeron 2002E @ 1.50GHz,"1,091",25.0,Laptop,2,Intel HD Graphics
Intel Celeron 215 @ 1.33GHz,174,27.0,Laptop,1,
Intel Celeron 2950M @ 2.00GHz,"1,238",37.0,Laptop,2,Intel HD Graphics
Intel Celeron 2955U @ 1.40GHz,905,15.0,Laptop,2,Intel HD Graphics
Intel Celeron 2957U @ 1.40GHz,847,15.0,Laptop,2,Intel HD Graphics
Intel Celeron 2961Y @ 1.10GHz,684,11.5,Laptop,2,Intel HD Graphics
Intel Celeron 2970M @ 2.20GHz,"1,501",37.0,Laptop,2,Intel HD Graphics
Intel Celeron 2980U @ 1.60GHz,"1,092",15.0,Laptop,2,Intel HD Graphics
Intel Celeron 2981U @ 1.60GHz,"1,036",15.0,Laptop,2,Intel HD Graphics
Intel Celeron 3205U @ 1.50GHz,959,15.0,Laptop,2,Intel HD Graphics
Intel Celeron 3215U @ 1.70GHz,"1,102",15.0,Laptop,2,Intel HD Graphics
Intel Celeron 3755U @ 1.70GHz,"1,182",15.0,Laptop,2,Intel HD Graphics
Intel Celeron 3765U @ 1.90GHz,"1,252",15.0,Laptop,2,Intel HD Graphics
Intel Celeron 3855U @ 1.60GHz,"1,215",15.0,Laptop,2,Intel HD Graphics
Intel Celeron 3865U @ 1.80GHz,"1,344",15.0,Laptop,2,Intel HD Graphics
Intel Celeron 3867U @ 1.80GHz,"1,449",15.0,Laptop,2,Intel HD Graphics
Intel Celeron 3955U @ 2.00GHz,"1,455",15.0,Laptop,2,Intel HD Graphics
Intel Celeron 3965U @ 2.20GHz,"1,753",15.0,Laptop,2,Intel HD Graphics
Intel Celeron 3965Y @ 1.50GHz,"1,201",6.0,Laptop,2,Intel HD Graphics
Intel Celeron 4205U @ 1.80GHz,"1,350",15.0,Laptop,2,Intel HD Graphics
Intel Celeron 5205U @ 1.90GHz,"1,431",15.0,Laptop,2,Intel HD Graphics
Intel Celeron 530 @ 1.73GHz,268,27.0,Laptop,1,
Intel Celeron 5305U @ 2.30GHz,"1,307",15.0,Laptop,2,Intel HD Graphics
Intel Celeron 540 @ 1.86GHz,305,30.0,Laptop,1,
Intel Celeron 550 @ 2.00GHz,334,31.0,Laptop,1,
Intel Celeron 560 @ 2.13GHz,339,31.0,Laptop,1,
Intel Celeron 570 @ 2.26GHz,344,31.0,Laptop,1,
Intel Celeron 6305 @ 1.80GHz,"2,052",15.0,Laptop,2,Intel HD Graphics
Intel Celeron 723 @ 1.20GHz,213,10.0,Laptop,1,Intel GMA 4500MHD
Intel Celeron 7305,"2,539",15.0,Laptop,1,Intel UHD Graphics
Intel Celeron 743 @ 1.30GHz,275,10.0,Laptop,1,Intel GMA 4500MHD
Intel Celeron 807 @ 1.50GHz,392,17.0,Laptop,1,Intel HD Graphics
Intel Celeron 807UE @ 1.00GHz,241,10.0,Laptop,1,Intel HD Graphics
Intel Celeron 827E @ 1.40GHz,371,17.0,Laptop,1,Intel HD Graphics
Intel Celeron 847 @ 1.10GHz,509,17.0,Laptop,2,Intel HD Graphics
Intel Celeron 847E @ 1.10GHz,584,17.0,Laptop,2,Intel HD Graphics
Intel Celeron 857 @ 1.20GHz,569,17.0,Laptop,2,Intel HD Graphics
Intel Celeron 867 @ 1.30GHz,588,17.0,Laptop,2,Intel HD Graphics
Intel Celeron 877 @ 1.40GHz,677,17.0,Laptop,2,Intel HD Graphics
Intel Celeron 887 @ 1.50GHz,764,17.0,Laptop,2,Intel HD Graphics
Intel Celeron 900 @ 2.20GHz,409,34.8,Laptop,1,
Intel Celeron 925 @ 2.30GHz,450,35.0,Laptop,1,
Intel Celeron B710 @ 1.60GHz,106,35.0,Laptop,1,Intel HD Graphics
Intel Celeron B800 @ 1.50GHz,695,35.0,Laptop,2,Intel HD Graphics
Intel Celeron B810 @ 1.60GHz,775,35.0,Laptop,2,Intel HD Graphics
Intel Celeron B815 @ 1.60GHz,757,35.0,Laptop,2,Intel HD Graphics
Intel Celeron B820 @ 1.70GHz,817,35.0,Laptop,2,Intel HD Graphics
Intel Celeron B830 @ 1.80GHz,873,35.0,Laptop,2,Intel HD Graphics
Intel Celeron B840 @ 1.90GHz,975,35.0,Laptop,2,Intel HD Graphics
Intel Celeron G3900E @ 2.40GHz,"2,034",35.0,Laptop,2,Intel HD Graphics 510
Intel Celeron G3900TE @ 2.30GHz,"1,850",35.0,Laptop,2,Intel HD Graphics 510
Intel Celeron M 1.00GHz,149,25.0,Laptop,1,Intel HD Graphics
Intel Celeron M 1.30GHz,205,25.0,Laptop,1,Intel HD Graphics
Intel Celeron M 1.50GHz,192,21.0,Laptop,1,Intel HD Graphics
Intel Celeron M 1.60GHz,190,30.0,Laptop,1,Intel HD Graphics
Intel Celeron M 1.70GHz,252,30.0,Laptop,1,Intel HD Graphics
Intel Celeron M 1300MHz,197,25.0,Laptop,1,Intel HD Graphics
Intel Celeron M 1500MHz,217,25.0,Laptop,1,Intel HD Graphics
Intel Celeron M 360 1.40GHz,221,21.0,Laptop,1,Intel HD Graphics
Intel Celeron M 410 @ 1.46GHz,123,27.0,Laptop,1,
Intel Celeron M 420 @ 1.60GHz,139,27.0,Laptop,1,
Intel Celeron M 430 @ 1.73GHz,169,27.0,Laptop,1,
Intel Celeron M 440 @ 1.86GHz,169,27.0,Laptop,1,
Intel Celeron M 443 @ 1.20GHz,125,5.5,Laptop,1,
Intel Celeron M 450 @ 2.00GHz,230,27.0,Laptop,1,
Intel Celeron M 520 @ 1.60GHz,239,30.0,Laptop,1,
Intel Celeron M 530 @ 1.73GHz,320,30.0,Laptop,1,
Intel Celeron M 723 @ 1.20GHz,267,10.0,Laptop,1,
Intel Celeron M 900MHz,123,24.0,Laptop,1,Intel HD Graphics
Intel Celeron N2805 @ 1.46GHz,335,4.3,Laptop,2,Intel HD Graphics
Intel Celeron N2806 @ 1.60GHz,486,4.5,Laptop,2,Intel HD Graphics
Intel Celeron N2807 @ 1.58GHz,495,4.3,Laptop,2,Intel HD Graphics
Intel Celeron N2808 @ 1.58GHz,491,4.5,Laptop,2,Intel HD Graphics
Intel Celeron N2810 @ 2.00GHz,396,7.5,Laptop,2,Intel HD Graphics
Intel Celeron N2815 @ 1.86GHz,494,7.5,Laptop,2,Intel HD Graphics
Intel Celeron N2820 @ 2.13GHz,507,7.5,Laptop,2,Intel HD Graphics
Intel Celeron N2830 @ 2.16GHz,546,7.5,Laptop,2,Intel HD Graphics
Intel Celeron N2840 @ 2.16GHz,583,7.0,Laptop,2,Intel HD Graphics
Intel Celeron N2910 @ 1.60GHz,788,7.5,Laptop,4,Intel HD Graphics
Intel Celeron N2920 @ 1.86GHz,941,7.5,Laptop,4,Intel HD Graphics
Intel Celeron N2930 @ 1.83GHz,"1,026",7.5,Laptop,4,Intel HD Graphics
Intel Celeron N2940 @ 1.83GHz,"1,055",7.5,Laptop,4,Intel HD Graphics
Intel Celeron N3000 @ 1.04GHz,646,4.0,Laptop,2,Intel HD Graphics
Intel Celeron N3010 @ 1.04GHz,616,4.0,Laptop,2,Intel HD Graphics
Intel Celeron N3050 @ 1.60GHz,590,6.0,Laptop,2,Intel HD Graphics
Intel Celeron N3060 @ 1.60GHz,654,6.0,Laptop,2,Intel HD Graphics
Intel Celeron N3150 @ 1.60GHz,"1,181",6.0,Laptop,4,Intel HD Graphics
Intel Celeron N3160 @ 1.60GHz,"1,185",6.0,Laptop,4,Intel HD Graphics
Intel Celeron N3450 @ 1.10GHz,"1,979",6.0,Laptop,4,Intel HD Graphics
Intel Celeron N4000 @ 1.10GHz,"1,431",6.0,Laptop,2,Intel HD Graphics
Intel Celeron N4000C @ 1.10GHz,"1,456",6.0,Laptop,2,Intel HD Graphics
Intel Celeron N4020 @ 1.10GHz,"1,537",6.0,Laptop,2,Intel HD Graphics
Intel Celeron N4100 @ 1.10GHz,"2,453",6.0,Laptop,4,Intel HD Graphics
Intel Celeron N4120 @ 1.10GHz,"2,458",6.0,Laptop,4,Intel HD Graphics
Intel Celeron N5100 @ 1.10GHz,"3,302",6.0,Laptop,4,Intel HD Graphics
Intel Celeron P4500 @ 1.87GHz,848,35.0,Laptop,2,Intel HD Graphics
Intel Celeron P4505 @ 1.87GHz,689,35.0,Laptop,2,Intel HD Graphics
Intel Celeron P4600 @ 2.00GHz,885,35.0,Laptop,2,Intel HD Graphics
Intel Celeron SU2300 @ 1.20GHz,458,10.0,Laptop,2,Intel GMA 4500MHD
Intel Celeron T1600 @ 1.66GHz,569,35.0,Laptop,2,Intel GMA 4500MHD
Intel Celeron U3400 @ 1.07GHz,516,18.0,Laptop,2,Intel GMA 4500MHD
Intel Celeron U3600 @ 1.20GHz,539,18.0,Laptop,2,Intel GMA 4500MHD
Intel Core 3 100U,"12,947",15.0,Laptop,2,Intel UHD Graphics
Intel Core 5 210H,"18,541",45.0,Laptop,4,Intel UHD Graphics 730
Intel Core 5 220H,"21,597",45.0,Laptop,4,Intel UHD Graphics 730
Intel Core 5 220U,"14,240",15.0,Laptop,2,Intel UHD Graphics 730
Intel Core 7 150U,"14,989",15.0,Laptop,2,Intel UHD Graphics
Intel Core 7 250H,"25,629",45.0,Laptop,6,Intel UHD Graphics 770
Intel Core 7 250U,"15,093",15.0,Laptop,2,Intel UHD Graphics 770
Intel Core 9 270H,"28,826",45.0,Laptop,6,Intel UHD Graphics 770
Intel Core Duo L2400 @ 1.66GHz,348,15.0,Laptop,2,
Intel Core Duo L2500 @ 1.83GHz,404,15.0,Laptop,2,
Intel Core Duo T2250 @ 1.73GHz,350,31.0,Laptop,2,
Intel Core Duo T2300 @ 1.66GHz,325,31.0,Laptop,2,
Intel Core Duo T2350 @ 1.86GHz,385,31.0,Laptop,2,
Intel Core Duo T2400 @ 1.83GHz,366,31.0,Laptop,2,
Intel Core Duo T2450 @ 2.00GHz,411,31.0,Laptop,2,
Intel Core Duo T2500 @ 2.00GHz,408,31.0,Laptop,2,
Intel Core Duo T2600 @ 2.16GHz,460,31.0,Laptop,2,
Intel Core Duo T2700 @ 2.33GHz,498,31.0,Laptop,2,
Intel Core Duo U2400 @ 1.06GHz,255,9.0,Laptop,2,
Intel Core Duo U2500 @ 1.20GHz,223,9.0,Laptop,2,
Intel Core i3-1000NG4 @ 1.10GHz,"3,517",9.0,Laptop,2,Intel Iris Plus Graphics G4
Intel Core i3-1005G1 @ 1.20GHz,"4,818",15.0,Laptop,2,Intel UHD Graphics G1
Intel Core i3-10100T @ 3.00GHz,"7,294",35.0,Laptop,4,Intel UHD Graphics
Intel Core i3-10110U @ 2.10GHz,"3,835",15.0,Laptop,2,Intel UHD Graphics
Intel Core i3-10110Y @ 1.00GHz,"3,171",7.0,Laptop,2,Intel UHD Graphics
Intel Core i3-1025G1 @ 1.20GHz,"6,122",15.0,Laptop,4,Intel UHD Graphics G1
Intel Core i3-1115G4 @ 3.00GHz,"5,858",15.0,Laptop,2,Intel UHD Graphics Xe G4
Intel Core i3-1125G4 @ 2.00GHz,"9,272",28.0,Laptop,4,Intel UHD Graphics Xe G4
Intel Core i3-1210U,"9,438",9.0,Laptop,2,Intel UHD Graphics 730
Intel Core i3-1215U,"10,249",15.0,Laptop,2,Intel UHD Graphics 730
Intel Core i3-1220P,"14,479",28.0,Laptop,2,Intel UHD Graphics 730
Intel Core i3-1305U,"8,610",15.0,Laptop,1,Intel UHD Graphics 730
Intel Core i3-1315U,"11,192",15.0,Laptop,2,Intel UHD Graphics 730
Intel Core i3-2310E @ 2.10GHz,"1,845",35.0,Laptop,2,Intel HD Graphics 3000
Intel Core i3-2310M @ 2.10GHz,"1,221",35.0,Laptop,2,Intel HD Graphics 3000
Intel Core i3-2312M @ 2.10GHz,"1,189",35.0,Laptop,2,Intel HD Graphics 3000
Intel Core i3-2328M @ 2.20GHz,"1,233",35.0,Laptop,2,Intel HD Graphics 3000
Intel Core i3-2330M @ 2.20GHz,"1,252",35.0,Laptop,2,Intel HD Graphics 3000
Intel Core i3-2332M @ 2.20GHz,"1,353",35.0,Laptop,2,Intel HD Graphics 3000
Intel Core i3-2340UE @ 1.30GHz,976,17.0,Laptop,2,Intel HD Graphics 3000
Intel Core i3-2348M @ 2.30GHz,"1,286",35.0,Laptop,2,Intel HD Graphics 3000
Intel Core i3-2350M @ 2.30GHz,"1,270",35.0,Laptop,2,Intel HD Graphics 3000
Intel Core i3-2357M @ 1.30GHz,788,17.0,Laptop,2,Intel HD Graphics 3000
Intel Core i3-2365M @ 1.40GHz,822,17.0,Laptop,2,Intel HD Graphics 3000
Intel Core i3-2367M @ 1.40GHz,849,17.0,Laptop,2,Intel HD Graphics 3000
Intel Core i3-2370M @ 2.40GHz,"1,373",35.0,Laptop,2,Intel HD Graphics 3000
Intel Core i3-2375M @ 1.50GHz,898,17.0,Laptop,2,Intel HD Graphics 3000
Intel Core i3-2377M @ 1.50GHz,873,17.0,Laptop,2,Intel HD Graphics 3000
Intel Core i3-3110M @ 2.40GHz,"1,653",35.0,Laptop,2,Intel HD Graphics 4000
Intel Core i3-3120M @ 2.50GHz,"1,711",35.0,Laptop,2,Intel HD Graphics 4000
Intel Core i3-3130M @ 2.60GHz,"1,906",35.0,Laptop,2,Intel HD Graphics 4000
Intel Core i3-3217U @ 1.80GHz,"1,227",17.0,Laptop,2,Intel HD Graphics 4000
Intel Core i3-3217UE @ 1.60GHz,"1,362",17.0,Laptop,2,Intel HD Graphics 4000
Intel Core i3-3227U @ 1.90GHz,"1,301",17.0,Laptop,2,Intel HD Graphics 4000
Intel Core i3-330E @ 2.13GHz,"1,260",35.0,Laptop,2,Intel HD Graphics
Intel Core i3-330M @ 2.13GHz,"1,031",35.0,Laptop,2,Intel HD Graphics
Intel Core i3-330UM @ 1.20GHz,543,18.0,Laptop,2,Intel HD Graphics
Intel Core i3-350M @ 2.27GHz,"1,089",35.0,Laptop,2,Intel HD Graphics
Intel Core i3-370M @ 2.40GHz,"1,171",35.0,Laptop,2,Intel HD Graphics
Intel Core i3-380M @ 2.53GHz,"1,211",35.0,Laptop,2,Intel HD Graphics
Intel Core i3-380UM @ 1.33GHz,748,18.0,Laptop,2,Intel HD Graphics
Intel Core i3-390M @ 2.67GHz,"1,292",35.0,Laptop,2,Intel HD Graphics
Intel Core i3-4000M @ 2.40GHz,"1,799",37.0,Laptop,2,Intel HD Graphics 4400
Intel Core i3-4005U @ 1.70GHz,"1,650",15.0,Laptop,2,Intel HD Graphics 4400
Intel Core i3-4010U @ 1.70GHz,"1,659",15.0,Laptop,2,Intel HD Graphics 4400
Intel Core i3-4012Y @ 1.50GHz,"1,276",11.5,Laptop,2,Intel HD Graphics 4400
Intel Core i3-4025U @ 1.90GHz,"1,954",15.0,Laptop,2,Intel HD Graphics 4400
Intel Core i3-4030U @ 1.90GHz,"1,874",15.0,Laptop,2,Intel HD Graphics 4400
Intel Core i3-4030Y @ 1.60GHz,"1,654",11.5,Laptop,2,Intel HD Graphics 4400
Intel Core i3-4100M @ 2.50GHz,"2,518",37.0,Laptop,2,Intel HD Graphics 4400
Intel Core i3-4110M @ 2.60GHz,"2,678",37.0,Laptop,2,Intel HD Graphics 4400
Intel Core i3-4110U @ 1.90GHz,"1,860",15.0,Laptop,2,Intel HD Graphics 4400
Intel Core i3-4120U @ 2.00GHz,"1,948",15.0,Laptop,2,Intel HD Graphics 4400
Intel Core i3-4158U @ 2.00GHz,"1,874",28.0,Laptop,2,Intel HD Graphics 4400
Intel Core i3-4350T @ 3.10GHz,"3,156",35.0,Laptop,2,Intel HD Graphics 4400
Intel Core i3-5005U @ 2.00GHz,"2,012",15.0,Laptop,2,Intel HD Graphics 5500
Intel Core i3-5010U @ 2.10GHz,"2,155",15.0,Laptop,2,Intel HD Graphics 5500
Intel Core i3-5015U @ 2.10GHz,"2,005",15.0,Laptop,2,Intel HD Graphics 5500
Intel Core i3-5020U @ 2.20GHz,"2,236",15.0,Laptop,2,Intel HD Graphics 5500
Intel Core i3-5157U @ 2.50GHz,"2,593",28.0,Laptop,2,Intel HD Graphics 5500
Intel Core i3-6006U @ 2.00GHz,"2,276",15.0,Laptop,2,Intel HD Graphics 520
Intel Core i3-6100E @ 2.70GHz,"3,315",35.0,Laptop,2,Intel HD Graphics 520
Intel Core i3-6100H @ 2.70GHz,"3,003",35.0,Laptop,2,Intel HD Graphics 520
Intel Core i3-6100U @ 2.30GHz,"2,633",15.0,Laptop,2,Intel HD Graphics 520
Intel Core i3-6102E @ 1.90GHz,"2,349",25.0,Laptop,2,Intel HD Graphics 520
Intel Core i3-6157U @ 2.40GHz,"2,788",28.0,Laptop,2,Intel HD Graphics 520
Intel Core i3-6167U @ 2.70GHz,"3,128",28.0,Laptop,2,Intel HD Graphics 520
Intel Core i3-7020U @ 2.30GHz,"2,569",15.0,Laptop,2,Intel HD Graphics 620
Intel Core i3-7100H @ 3.00GHz,"3,450",35.0,Laptop,2,Intel HD Graphics 620
Intel Core i3-7100U @ 2.40GHz,"2,724",15.0,Laptop,2,Intel HD Graphics 620
Intel Core i3-7102E @ 2.10GHz,"2,599",25.0,Laptop,2,Intel HD Graphics 620
Intel Core i3-7130U @ 2.70GHz,"3,036",15.0,Laptop,2,Intel HD Graphics 620
Intel Core i3-7167U @ 2.80GHz,"3,368",28.0,Laptop,2,Intel HD Graphics 620
Intel Core i3-8100B @ 3.60GHz,"5,920",65.0,Laptop,4,Intel UHD Graphics 620
Intel Core i3-8109U @ 3.00GHz,"4,180",28.0,Laptop,2,Intel UHD Graphics 620
Intel Core i3-8121U @ 2.20GHz,"4,271",15.0,Laptop,2,Intel UHD Graphics 620
Intel Core i3-8130U @ 2.20GHz,"3,520",15.0,Laptop,2,Intel UHD Graphics 620
Intel Core i3-8140U @ 2.10GHz,"3,919",15.0,Laptop,2,Intel UHD Graphics 620
Intel Core i3-8145U @ 2.10GHz,"3,778",15.0,Laptop,2,Intel UHD Graphics 620
Intel Core i3-8145UE @ 2.20GHz,"4,010",15.0,Laptop,2,Intel UHD Graphics 620
Intel Core i3-9100TE @ 2.20GHz,"4,589",35.0,Laptop,4,Intel UHD Graphics 630
Intel Core i3-N300,"8,136",7.0,Laptop,8,Intel UHD Graphics
Intel Core i5-10200H @ 2.40GHz,"7,988",45.0,Laptop,4,Intel UHD Graphics
Intel Core i5-10210U @ 1.60GHz,"6,069",15.0,Laptop,4,Intel UHD Graphics
Intel Core i5-10210Y @ 1.00GHz,"4,142",7.0,Laptop,4,Intel UHD Graphics
Intel Core i5-1030NG7 @ 1.10GHz,"5,602",10.0,Laptop,4,Intel Iris Plus Graphics G7
Intel Core i5-10310U @ 1.70GHz,"5,884",15.0,Laptop,4,Intel UHD Graphics
Intel Core i5-1035G1 @ 1.00GHz,"7,153",15.0,Laptop,4,Intel Iris Plus Graphics
Intel Core i5-1035G4 @ 1.10GHz,"7,661",15.0,Laptop,4,Intel Iris Plus Graphics
Intel Core i5-1035G7 @ 1.20GHz,"8,012",15.0,Laptop,4,Intel Iris Plus Graphics
Intel Core i5-1038NG7 @ 2.00GHz,"8,805",28.0,Laptop,4,Intel Iris Plus Graphics G7
Intel Core i5-10400H @ 2.60GHz,"8,250",45.0,Laptop,4,Intel UHD Graphics
Intel Core i5-10500H @ 2.50GHz,"10,977",45.0,Laptop,6,Intel UHD Graphics
Intel Core i5-11260H @ 2.60GHz,"15,391",45.0,Laptop,6,Intel UHD Graphics
Intel Core i5-11300H @ 3.10GHz,"10,769",35.0,Laptop,4,Intel UHD Graphics
Intel Core i5-1130G7 @ 1.10GHz,"8,199",15.0,Laptop,4,Intel Iris Xe Graphics
Intel Core i5-11320H @ 3.20GHz,"10,840",35.0,Laptop,4,Intel UHD Graphics
Intel Core i5-1135G7 @ 2.40GHz,"9,399",15.0,Laptop,4,Intel Iris Xe Graphics
Intel Core i5-11400H @ 2.70GHz,"15,221",45.0,Laptop,6,Intel UHD Graphics
Intel Core i5-1145G7 @ 2.60GHz,"9,257",28.0,Laptop,4,Intel Iris Xe Graphics
Intel Core i5-11500H @ 2.90GHz,"15,634",45.0,Laptop,6,Intel UHD Graphics
Intel Core i5-1155G7 @ 2.50GHz,"9,685",28.0,Laptop,4,Intel Iris Xe Graphics
Intel Core i5-1230U,"11,061",9.0,Laptop,2,Intel UHD Graphics 730
Intel Core i5-1240P,"16,145",28.0,Laptop,4,Intel UHD Graphics 730
Intel Core i5-1240U,"13,757",29.0,Laptop,2,Intel UHD Graphics 730
Intel Core i5-12450H,"16,064",45.0,Laptop,4,Intel UHD Graphics 730
Intel Core i5-12450HX,"17,936",148.0,Laptop,4,Intel UHD Graphics 730
Intel Core i5-12500H,"20,442",45.0,Laptop,4,Intel UHD Graphics 730
Intel Core i5-1250P,"19,108",28.0,Laptop,4,Intel UHD Graphics 730
Intel Core i5-12600H,"20,781",45.0,Laptop,4,Intel UHD Graphics 730
Intel Core i5-12600HX,"24,205",55.0,Laptop,4,Intel UHD Graphics 730
Intel Core i5-1334U,"13,245",15.0,Laptop,2,Intel UHD Graphics 730
Intel Core i5-1335U,"13,994",15.0,Laptop,2,Intel UHD Graphics 730
Intel Core i5-1340P,"18,557",28.0,Laptop,4,Intel UHD Graphics 730
Intel Core i5-13420H,"17,125",45.0,Laptop,4,Intel UHD Graphics 730
Intel Core i5-13450HX,"24,837",55.0,Laptop,6,Intel UHD Graphics 730
Intel Core i5-1345U,"14,177",15.0,Laptop,2,Intel UHD Graphics 730
Intel Core i5-13500H,"21,057",45.0,Laptop,4,Intel UHD Graphics 730
Intel Core i5-13500HX,"27,858",55.0,Laptop,6,Intel UHD Graphics 730
Intel Core i5-1350P,"18,735",28.0,Laptop,4,Intel UHD Graphics 730
Intel Core i5-13600H,"22,980",45.0,Laptop,4,Intel UHD Graphics 730
Intel Core i5-13600HX,"27,448",55.0,Laptop,6,Intel UHD Graphics 730
Intel Core i5-14500HX,"28,377",55.0,Laptop,6,Intel UHD Graphics 730
Intel Core i5-2410M @ 2.30GHz,"1,957",35.0,Laptop,2,Intel HD Graphics 3000
Intel Core i5-2430M @ 2.40GHz,"2,017",35.0,Laptop,2,Intel HD Graphics 3000
Intel Core i5-2435M @ 2.40GHz,"2,031",35.0,Laptop,2,Intel HD Graphics 3000
Intel Core i5-2450M @ 2.50GHz,"2,079",35.0,Laptop,2,Intel HD Graphics 3000
Intel Core i5-2467M @ 1.60GHz,"1,405",17.0,Laptop,2,Intel HD Graphics 3000
Intel Core i5-2510E @ 2.50GHz,"1,884",35.0,Laptop,2,Intel HD Graphics 3000
Intel Core i5-2520M @ 2.50GHz,"2,241",35.0,Laptop,2,Intel HD Graphics 3000
Intel Core i5-2537M @ 1.40GHz,"1,134",17.0,Laptop,2,Intel HD Graphics 3000
Intel Core i5-2540M @ 2.60GHz,"2,350",35.0,Laptop,2,Intel HD Graphics 3000
Intel Core i5-2557M @ 1.70GHz,"1,641",17.0,Laptop,2,Intel HD Graphics 3000
Intel Core i5-2560M @ 2.70GHz,"2,397",35.0,Laptop,2,Intel HD Graphics 3000
Intel Core i5-3210M @ 2.50GHz,"2,468",35.0,Laptop,2,Intel HD Graphics 4000
Intel Core i5-3230M @ 2.60GHz,"2,569",35.0,Laptop,2,Intel HD Graphics 4000
Intel Core i5-3317U @ 1.70GHz,"2,019",17.0,Laptop,2,Intel HD Graphics 4000
Intel Core i5-3320M @ 2.60GHz,"2,657",35.0,Laptop,2,Intel HD Graphics 4000
Intel Core i5-3337U @ 1.80GHz,"2,088",17.0,Laptop,2,Intel HD Graphics 4000
Intel Core i5-3340M @ 2.70GHz,"2,689",35.0,Laptop,2,Intel HD Graphics 4000
Intel Core i5-3360M @ 2.80GHz,"2,880",35.0,Laptop,2,Intel HD Graphics 4000
Intel Core i5-3380M @ 2.90GHz,"2,941",35.0,Laptop,2,Intel HD Graphics 4000
Intel Core i5-3427U @ 1.80GHz,"2,259",17.0,Laptop,2,Intel HD Graphics 4000
Intel Core i5-3437U @ 1.90GHz,"2,167",17.0,Laptop,2,Intel HD Graphics 4000
Intel Core i5-3610ME @ 2.70GHz,"2,652",35.0,Laptop,2,Intel HD Graphics 4000
Intel Core i5-4200M @ 2.50GHz,"2,806",37.0,Laptop,2,Intel HD Graphics 4600
Intel Core i5-4200U @ 1.60GHz,"2,177",15.0,Laptop,2,Intel HD Graphics 4600
Intel Core i5-4210H @ 2.90GHz,"3,081",47.0,Laptop,2,Intel HD Graphics 4600
Intel Core i5-4210M @ 2.60GHz,"2,904",37.0,Laptop,2,Intel HD Graphics 4600
Intel Core i5-4210U @ 1.70GHz,"2,315",15.0,Laptop,2,Intel HD Graphics 4600
Intel Core i5-4220Y @ 1.60GHz,"1,719",11.5,Laptop,2,Intel HD Graphics 4600
Intel Core i5-4230U @ 1.90GHz,"1,853",15.0,Laptop,2,Intel HD Graphics 4600
Intel Core i5-4250U @ 1.30GHz,"2,138",15.0,Laptop,2,Intel HD Graphics 4600
Intel Core i5-4258U @ 2.40GHz,"2,614",28.0,Laptop,2,Intel HD Graphics 4600
Intel Core i5-4260U @ 1.40GHz,"2,313",15.0,Laptop,2,Intel HD Graphics 4600
Intel Core i5-4278U @ 2.60GHz,"2,826",28.0,Laptop,2,Intel HD Graphics 4600
Intel Core i5-4288U @ 2.60GHz,"2,664",28.0,Laptop,2,Intel HD Graphics 4600
Intel Core i5-4300M @ 2.60GHz,"2,962",37.0,Laptop,2,Intel HD Graphics 4600
Intel Core i5-4300U @ 1.90GHz,"2,487",15.0,Laptop,2,Intel HD Graphics 4600
Intel Core i5-4308U @ 2.80GHz,"2,985",28.0,Laptop,2,Intel HD Graphics 4600
Intel Core i5-430M @ 2.27GHz,"1,211",35.0,Laptop,2,Intel HD Graphics
Intel Core i5-430UM @ 1.20GHz,627,18.0,Laptop,2,Intel HD Graphics
Intel Core i5-4310M @ 2.70GHz,"3,049",37.0,Laptop,2,Intel HD Graphics 4600
Intel Core i5-4310U @ 2.00GHz,"2,535",15.0,Laptop,2,Intel HD Graphics 4600
Intel Core i5-4330M @ 2.80GHz,"3,202",37.0,Laptop,2,Intel HD Graphics 4600
Intel Core i5-4340M @ 2.90GHz,"3,380",37.0,Laptop,2,Intel HD Graphics 4600
Intel Core i5-4350U @ 1.40GHz,"2,425",15.0,Laptop,2,Intel HD Graphics 4600
Intel Core i5-4402E @ 1.60GHz,"2,681",25.0,Laptop,2,Intel HD Graphics 4600
Intel Core i5-4422E @ 1.80GHz,"1,907",25.0,Laptop,2,Intel HD Graphics 4600
Intel Core i5-450M @ 2.40GHz,"1,267",35.0,Laptop,2,Intel HD Graphics
Intel Core i5-460M @ 2.53GHz,"1,322",35.0,Laptop,2,Intel HD Graphics
Intel Core i5-470UM @ 1.33GHz,782,18.0,Laptop,2,Intel HD Graphics
Intel Core i5-480M @ 2.67GHz,"1,325",35.0,Laptop,2,Intel HD Graphics
Intel Core i5-5200U @ 2.20GHz,"2,503",15.0,Laptop,2,Intel HD Graphics 5500
Intel Core i5-520M @ 2.40GHz,"1,732",35.0,Laptop,2,Intel HD Graphics
Intel Core i5-520UM @ 1.07GHz,932,18.0,Laptop,2,Intel HD Graphics
Intel Core i5-5250U @ 1.60GHz,"2,448",15.0,Laptop,2,Intel HD Graphics 5500
Intel Core i5-5257U @ 2.70GHz,"2,832",23.0,Laptop,2,Intel HD Graphics 5500
Intel Core i5-5287U @ 2.90GHz,"3,085",28.0,Laptop,2,Intel HD Graphics 5500
Intel Core i5-5300U @ 2.30GHz,"2,705",15.0,Laptop,2,Intel HD Graphics 5500
Intel Core i5-5350U @ 1.80GHz,"2,587",15.0,Laptop,2,Intel HD Graphics 5500
Intel Core i5-540M @ 2.53GHz,"1,798",35.0,Laptop,2,Intel HD Graphics
Intel Core i5-540UM @ 1.20GHz,"1,002",18.0,Laptop,2,Intel HD Graphics
Intel Core i5-560M @ 2.67GHz,"1,893",35.0,Laptop,2,Intel HD Graphics
Intel Core i5-560UM @ 1.33GHz,"1,015",18.0,Laptop,2,Intel HD Graphics
Intel Core i5-580M @ 2.67GHz,"1,987",35.0,Laptop,2,Intel HD Graphics
Intel Core i5-6198DU @ 2.30GHz,"3,109",15.0,Laptop,2,Intel HD Graphics 520
Intel Core i5-6200U @ 2.30GHz,"2,989",15.0,Laptop,2,Intel HD Graphics 520
Intel Core i5-6260U @ 1.80GHz,"3,183",15.0,Laptop,2,Intel HD Graphics 520
Intel Core i5-6267U @ 2.90GHz,"3,358",28.0,Laptop,2,Intel HD Graphics 520
Intel Core i5-6287U @ 3.10GHz,"3,801",28.0,Laptop,2,Intel HD Graphics 520
Intel Core i5-6300HQ @ 2.30GHz,"4,666",45.0,Laptop,4,Intel HD Graphics 520
Intel Core i5-6300U @ 2.40GHz,"3,203",15.0,Laptop,2,Intel HD Graphics 520
Intel Core i5-6350HQ @ 2.30GHz,"4,255",45.0,Laptop,4,Intel HD Graphics 520
Intel Core i5-6360U @ 2.00GHz,"3,126",15.0,Laptop,2,Intel HD Graphics 520
Intel Core i5-6440EQ @ 2.70GHz,"5,329",45.0,Laptop,4,Intel HD Graphics 530
Intel Core i5-6440HQ @ 2.60GHz,"5,009",45.0,Laptop,4,Intel HD Graphics 530
Intel Core i5-6442EQ @ 1.90GHz,"4,483",25.0,Laptop,4,Intel HD Graphics 530
Intel Core i5-7200U @ 2.50GHz,"3,373",15.0,Laptop,2,Intel HD Graphics 620
Intel Core i5-7260U @ 2.20GHz,"3,952",15.0,Laptop,2,Intel HD Graphics 620
Intel Core i5-7267U @ 3.10GHz,"3,626",28.0,Laptop,2,Intel HD Graphics 620
Intel Core i5-7287U @ 3.30GHz,"3,743",28.0,Laptop,2,Intel HD Graphics 620
Intel Core i5-7300HQ @ 2.50GHz,"5,085",45.0,Laptop,4,Intel HD Graphics 620
Intel Core i5-7300U @ 2.60GHz,"3,634",15.0,Laptop,2,Intel HD Graphics 620
Intel Core i5-7360U @ 2.30GHz,"3,828",15.0,Laptop,2,Intel HD Graphics 620
Intel Core i5-7440EQ @ 2.90GHz,"5,711",45.0,Laptop,4,Intel HD Graphics 630
Intel Core i5-7440HQ @ 2.80GHz,"5,451",45.0,Laptop,4,Intel HD Graphics 630
Intel Core i5-7442EQ @ 2.10GHz,"4,834",25.0,Laptop,4,Intel HD Graphics 630
Intel Core i5-7Y54 @ 1.20GHz,"2,585",4.5,Laptop,2,Intel HD Graphics 615
Intel Core i5-7Y57 @ 1.20GHz,"2,584",4.5,Laptop,2,Intel HD Graphics 615
Intel Core i5-8200Y @ 1.30GHz,"2,245",5.0,Laptop,2,Intel UHD Graphics 620
Intel Core i5-8210Y @ 1.60GHz,"2,725",7.0,Laptop,2,Intel UHD Graphics 620
Intel Core i5-8250U @ 1.60GHz,"5,800",15.0,Laptop,4,Intel UHD Graphics 620
Intel Core i5-8257U @ 1.40GHz,"7,404",15.0,Laptop,4,Intel UHD Graphics 620
Intel Core i5-8259U @ 2.30GHz,"7,827",28.0,Laptop,4,Intel UHD Graphics 620
Intel Core i5-8260U @ 1.60GHz,"7,283",15.0,Laptop,4,Intel UHD Graphics 620
Intel Core i5-8265U @ 1.60GHz,"5,807",15.0,Laptop,4,Intel UHD Graphics 620
Intel Core i5-8265UC @ 1.60GHz,"5,187",15.0,Laptop,4,Intel UHD Graphics 620
Intel Core i5-8279U @ 2.40GHz,"7,445",28.0,Laptop,4,Intel UHD Graphics 620
Intel Core i5-8300H @ 2.30GHz,"7,365",45.0,Laptop,4,Intel UHD Graphics 620
Intel Core i5-8305G @ 2.80GHz,"6,801",65.0,Laptop,4,Intel UHD Graphics 620
Intel Core i5-8350U @ 1.70GHz,"6,104",15.0,Laptop,4,Intel UHD Graphics 620
Intel Core i5-8365U @ 1.60GHz,"5,951",15.0,Laptop,4,Intel UHD Graphics 620
Intel Core i5-8365UE @ 1.60GHz,"5,504",15.0,Laptop,4,Intel UHD Graphics 620
Intel Core i5-8400H @ 2.50GHz,"7,494",45.0,Laptop,4,Intel UHD Graphics 630
Intel Core i5-8500B @ 3.00GHz,"8,887",65.0,Laptop,6,Intel UHD Graphics 630
Intel Core i5-9300H @ 2.40GHz,"7,427",45.0,Laptop,4,Intel UHD Graphics 630
Intel Core i5-9300HF @ 2.40GHz,"7,256",45.0,Laptop,4,Intel UHD Graphics 630
Intel Core i5-9400H @ 2.50GHz,"7,802",45.0,Laptop,4,Intel UHD Graphics 630
Intel Core i5-9500TE @ 2.20GHz,"9,776",35.0,Laptop,6,Intel UHD Graphics 630
Intel Core i5-L16G7 @ 1.40GHz,"3,279",7.0,Laptop,5,Intel UHD Graphics
Intel Core i7-10510U @ 1.80GHz,"6,394",15.0,Laptop,4,Intel UHD Graphics
Intel Core i7-10510Y @ 1.20GHz,"3,597",7.0,Laptop,4,Intel UHD Graphics
Intel Core i7-1060NG7 @ 1.20GHz,"6,476",10.0,Laptop,4,Intel Iris Plus Graphics G7
Intel Core i7-10610U @ 1.80GHz,"6,579",15.0,Laptop,4,Intel UHD Graphics
Intel Core i7-1065G7 @ 1.30GHz,"8,135",15.0,Laptop,4,Intel Iris Plus Graphics
Intel Core i7-1068NG7 @ 2.30GHz,"9,184",28.0,Laptop,4,Intel Iris Plus Graphics G7
Intel Core i7-10700TE @ 2.00GHz,"13,505",35.0,Laptop,8,Intel UHD Graphics
Intel Core i7-10710U @ 1.10GHz,"9,256",15.0,Laptop,6,Intel UHD Graphics
Intel Core i7-10750H @ 2.60GHz,"11,503",45.0,Laptop,6,Intel UHD Graphics
Intel Core i7-10810U @ 1.10GHz,"8,029",15.0,Laptop,6,Intel UHD Graphics
Intel Core i7-10850H @ 2.70GHz,"11,586",45.0,Laptop,6,Intel UHD Graphics
Intel Core i7-10870H @ 2.20GHz,"14,031",45.0,Laptop,8,Intel UHD Graphics
Intel Core i7-10875H @ 2.30GHz,"14,474",45.0,Laptop,8,Intel UHD Graphics
Intel Core i7-11370H @ 3.30GHz,"11,550",35.0,Laptop,4,Intel Iris Xe Graphics
Intel Core i7-11375H @ 3.30GHz,"11,711",35.0,Laptop,4,Intel Iris Xe Graphics
Intel Core i7-11390H @ 3.40GHz,"9,782",35.0,Laptop,4,Intel Iris Xe Graphics
Intel Core i7-11600H @ 2.90GHz,"15,331",45.0,Laptop,6,Intel UHD Graphics
Intel Core i7-1160G7 @ 1.20GHz,"8,689",15.0,Laptop,4,Intel Iris Xe Graphics
Intel Core i7-1165G7 @ 2.80GHz,"9,839",15.0,Laptop,4,Intel Iris Xe Graphics
Intel Core i7-11800H @ 2.30GHz,"19,776",45.0,Laptop,8,Intel UHD Graphics
Intel Core i7-1180G7 @ 1.30GHz,"7,885",15.0,Laptop,4,Intel Iris Xe Graphics
Intel Core i7-11850H @ 2.50GHz,"19,831",45.0,Laptop,8,Intel UHD Graphics
Intel Core i7-1185G7 @ 3.00GHz,"10,010",15.0,Laptop,4,Intel Iris Xe Graphics
Intel Core i7-1195G7 @ 2.90GHz,"10,432",28.0,Laptop,4,Intel Iris Xe Graphics
Intel Core i7-1250U,"11,288",9.0,Laptop,2,Intel UHD Graphics 770
Intel Core i7-1255U,"13,087",15.0,Laptop,2,Intel UHD Graphics 770
Intel Core i7-1260P,"16,583",28.0,Laptop,4,Intel UHD Graphics 770
Intel Core i7-1260U,"13,278",9.0,Laptop,2,Intel UHD Graphics 770
Intel Core i7-12650H,"21,651",45.0,Laptop,6,Intel UHD Graphics 770
Intel Core i7-12700H,"25,280",45.0,Laptop,6,Intel UHD Graphics 770
Intel Core i7-1270P,"16,591",28.0,Laptop,4,Intel UHD Graphics 770
Intel Core i7-12800H,"23,957",45.0,Laptop,6,Intel UHD Graphics 770
Intel Core i7-12800HX,"31,228",55.0,Laptop,8,Intel UHD Graphics 770
Intel Core i7-1280P,"20,096",28.0,Laptop,6,Intel UHD Graphics 770
Intel Core i7-12850HX,"30,601",55.0,Laptop,8,Intel UHD Graphics 770
Intel Core i7-1355U,"14,085",15.0,Laptop,2,Intel UHD Graphics 770
Intel Core i7-1360P,"18,492",28.0,Laptop,4,Intel UHD Graphics 770
Intel Core i7-13620H,"23,624",45.0,Laptop,6,Intel UHD Graphics 770
Intel Core i7-13650HX,"30,443",55.0,Laptop,6,Intel UHD Graphics 770
Intel Core i7-1365U,"13,840",15.0,Laptop,2,Intel UHD Graphics 770
Intel Core i7-13700H,"26,106",45.0,Laptop,6,Intel UHD Graphics 770
Intel Core i7-13700HX,"32,047",55.0,Laptop,8,Intel UHD Graphics 770
Intel Core i7-13700TE,"22,026",35.0,Laptop,8,Intel UHD Graphics 770
Intel Core i7-13705H,"25,627",45.0,Laptop,6,Intel UHD Graphics 770
Intel Core i7-1370P,"19,991",28.0,Laptop,6,Intel UHD Graphics 770
Intel Core i7-13800H,"26,357",45.0,Laptop,6,Intel UHD Graphics 770
Intel Core i7-13850HX,"36,460",55.0,Laptop,8,Intel UHD Graphics 770
Intel Core i7-14650HX,"34,187",55.0,Laptop,8,Intel UHD Graphics 770
Intel Core i7-14700HX,"37,001",55.0,Laptop,8,Intel UHD Graphics 770
Intel Core i7-2610UE @ 1.50GHz,"1,527",17.0,Laptop,2,Intel HD Graphics 3000
Intel Core i7-2617M @ 1.50GHz,"1,687",17.0,Laptop,2,Intel HD Graphics 3000
Intel Core i7-2620M @ 2.70GHz,"2,426",35.0,Laptop,2,Intel HD Graphics 3000
Intel Core i7-2630QM @ 2.00GHz,"3,557",45.0,Laptop,4,Intel HD Graphics 3000
Intel Core i7-2630UM @ 1.60GHz,400,17.0,Laptop,2,Intel HD Graphics 3000
Intel Core i7-2635QM @ 2.00GHz,"3,476",45.0,Laptop,4,Intel HD Graphics 3000
Intel Core i7-2637M @ 1.70GHz,"1,903",17.0,Laptop,2,Intel HD Graphics 3000
Intel Core i7-2640M @ 2.80GHz,"2,450",35.0,Laptop,2,Intel HD Graphics 3000
Intel Core i7-2670QM @ 2.20GHz,"3,735",45.0,Laptop,4,Intel HD Graphics 3000
Intel Core i7-2675QM @ 2.20GHz,"3,724",45.0,Laptop,4,Intel HD Graphics 3000
Intel Core i7-2677M @ 1.80GHz,"1,882",17.0,Laptop,2,Intel HD Graphics 3000
Intel Core i7-2710QE @ 2.10GHz,"3,749",45.0,Laptop,4,Intel HD Graphics 3000
Intel Core i7-2715QE @ 2.10GHz,"3,221",45.0,Laptop,4,Intel HD Graphics 3000
Intel Core i7-2720QM @ 2.20GHz,"4,031",45.0,Laptop,4,Intel HD Graphics 3000
Intel Core i7-2760QM @ 2.40GHz,"4,308",45.0,Laptop,4,Intel HD Graphics 3000
Intel Core i7-2820QM @ 2.30GHz,"4,367",45.0,Laptop,4,Intel HD Graphics 3000
Intel Core i7-2840QM @ 2.40GHz,"3,842",45.0,Laptop,4,Intel HD Graphics 3000
Intel Core i7-2860QM @ 2.50GHz,"4,575",45.0,Laptop,4,Intel HD Graphics 3000
Intel Core i7-2920XM @ 2.50GHz,"4,318",55.0,Laptop,4,Intel HD Graphics 3000
Intel Core i7-2960XM @ 2.70GHz,"4,646",55.0,Laptop,4,Intel HD Graphics 3000
Intel Core i7-3517U @ 1.90GHz,"2,108",17.0,Laptop,2,Intel HD Graphics 4000
Intel Core i7-3517UE @ 1.70GHz,"2,384",17.0,Laptop,2,Intel HD Graphics 4000
Intel Core i7-3520M @ 2.90GHz,"2,839",35.0,Laptop,2,Intel HD Graphics 4000
Intel Core i7-3537U @ 2.00GHz,"2,356",17.0,Laptop,2,Intel HD Graphics 4000
Intel Core i7-3540M @ 3.00GHz,"2,984",35.0,Laptop,2,Intel HD Graphics 4000
Intel Core i7-3555LE @ 2.50GHz,"2,238",25.0,Laptop,2,Intel HD Graphics 4000
Intel Core i7-3610QE @ 2.30GHz,"5,333",45.0,Laptop,4,Intel HD Graphics 4000
Intel Core i7-3610QM @ 2.30GHz,"5,136",45.0,Laptop,4,Intel HD Graphics 4000
Intel Core i7-3612QE @ 2.10GHz,"4,929",35.0,Laptop,4,Intel HD Graphics 4000
Intel Core i7-3612QM @ 2.10GHz,"4,665",35.0,Laptop,4,Intel HD Graphics 4000
Intel Core i7-3615QE @ 2.30GHz,"5,617",45.0,Laptop,4,Intel HD Graphics 4000
Intel Core i7-3615QM @ 2.30GHz,"5,167",45.0,Laptop,4,Intel HD Graphics 4000
Intel Core i7-3630QM @ 2.40GHz,"5,128",45.0,Laptop,4,Intel HD Graphics 4000
Intel Core i7-3632QM @ 2.20GHz,"4,745",35.0,Laptop,4,Intel HD Graphics 4000
Intel Core i7-3635QM @ 2.40GHz,"4,770",45.0,Laptop,4,Intel HD Graphics 4000
Intel Core i7-3667U @ 2.00GHz,"2,447",17.0,Laptop,2,Intel HD Graphics 4000
Intel Core i7-3687U @ 2.10GHz,"2,626",17.0,Laptop,2,Intel HD Graphics 4000
Intel Core i7-3689Y @ 1.50GHz,"1,967",13.0,Laptop,2,Intel HD Graphics 4000
Intel Core i7-3720QM @ 2.60GHz,"5,578",45.0,Laptop,4,Intel HD Graphics 4000
Intel Core i7-3740QM @ 2.70GHz,"5,709",45.0,Laptop,4,Intel HD Graphics 4000
Intel Core i7-3820QM @ 2.70GHz,"5,620",45.0,Laptop,4,Intel HD Graphics 4000
Intel Core i7-3840QM @ 2.80GHz,"5,848",45.0,Laptop,4,Intel HD Graphics 4000
Intel Core i7-3920XM @ 2.90GHz,"5,713",55.0,Laptop,4,Intel HD Graphics 4000
Intel Core i7-3940XM @ 3.00GHz,"5,993",55.0,Laptop,4,Intel HD Graphics 4000
Intel Core i7-4500U @ 1.80GHz,"2,488",15.0,Laptop,2,Intel HD Graphics 4600
Intel Core i7-4510U @ 2.00GHz,"2,638",15.0,Laptop,2,Intel HD Graphics 4600
Intel Core i7-4550U @ 1.50GHz,"2,307",15.0,Laptop,2,Intel HD Graphics 4600
Intel Core i7-4558U @ 2.80GHz,"2,973",28.0,Laptop,2,Intel HD Graphics 4600
Intel Core i7-4560U @ 1.60GHz,"2,473",15.0,Laptop,2,Intel HD Graphics 4600
Intel Core i7-4578U @ 3.00GHz,"3,070",28.0,Laptop,2,Intel HD Graphics 4600
Intel Core i7-4600M @ 2.90GHz,"3,217",37.0,Laptop,2,Intel HD Graphics 4600
Intel Core i7-4600U @ 2.10GHz,"2,710",15.0,Laptop,2,Intel HD Graphics 4600
Intel Core i7-4610M @ 3.00GHz,"3,267",37.0,Laptop,2,Intel HD Graphics 4600
Intel Core i7-4650U @ 1.70GHz,"2,464",15.0,Laptop,2,Intel HD Graphics 4600
Intel Core i7-4700HQ @ 2.40GHz,"5,580",47.0,Laptop,4,Intel HD Graphics 4600
Intel Core i7-4700MQ @ 2.40GHz,"5,356",47.0,Laptop,4,Intel HD Graphics 4600
Intel Core i7-4702HQ @ 2.20GHz,"5,427",37.0,Laptop,4,Intel HD Graphics 4600
Intel Core i7-4702MQ @ 2.20GHz,"5,190",37.0,Laptop,4,Intel HD Graphics 4600
Intel Core i7-4710HQ @ 2.50GHz,"5,553",47.0,Laptop,4,Intel HD Graphics 4600
Intel Core i7-4710MQ @ 2.50GHz,"5,797",47.0,Laptop,4,Intel HD Graphics 4600
Intel Core i7-4712HQ @ 2.30GHz,"5,357",37.0,Laptop,4,Intel HD Graphics 4600
Intel Core i7-4712MQ @ 2.30GHz,"5,324",37.0,Laptop,4,Intel HD Graphics 4600
Intel Core i7-4720HQ @ 2.60GHz,"5,721",47.0,Laptop,4,Intel HD Graphics 4600
Intel Core i7-4722HQ @ 2.40GHz,"5,768",37.0,Laptop,4,Intel HD Graphics 4600
Intel Core i7-4750HQ @ 2.00GHz,"5,644",47.0,Laptop,4,Intel HD Graphics 4600
Intel Core i7-4760HQ @ 2.10GHz,"6,300",47.0,Laptop,4,Intel HD Graphics 4600
Intel Core i7-4770HQ @ 2.20GHz,"6,024",47.0,Laptop,4,Intel HD Graphics 4600
Intel Core i7-4800MQ @ 2.70GHz,"5,794",47.0,Laptop,4,Intel HD Graphics 4600
Intel Core i7-4810MQ @ 2.80GHz,"6,051",47.0,Laptop,4,Intel HD Graphics 4600
Intel Core i7-4850HQ @ 2.30GHz,"6,141",47.0,Laptop,4,Intel HD Graphics 4600
Intel Core i7-4860EQ @ 1.80GHz,"5,508",47.0,Laptop,4,Intel HD Graphics 4600
Intel Core i7-4860HQ @ 2.40GHz,"6,232",47.0,Laptop,4,Intel HD Graphics 4600
Intel Core i7-4870HQ @ 2.50GHz,"6,319",47.0,Laptop,4,Intel HD Graphics 4600
Intel Core i7-4900MQ @ 2.80GHz,"6,187",47.0,Laptop,4,Intel HD Graphics 4600
Intel Core i7-4910MQ @ 2.90GHz,"6,275",47.0,Laptop,4,Intel HD Graphics 4600
Intel Core i7-4930MX @ 3.00GHz,"6,391",57.0,Laptop,4,Intel HD Graphics 4600
Intel Core i7-4940MX @ 3.10GHz,"6,780",57.0,Laptop,4,Intel HD Graphics 4600
Intel Core i7-4960HQ @ 2.60GHz,"6,370",47.0,Laptop,4,Intel HD Graphics 4600
Intel Core i7-4980HQ @ 2.80GHz,"6,529",47.0,Laptop,4,Intel HD Graphics 4600
Intel Core i7-5500U @ 2.40GHz,"2,805",15.0,Laptop,2,Intel HD Graphics 5500
Intel Core i7-5550U @ 2.00GHz,"2,780",15.0,Laptop,2,Intel HD Graphics 5500
Intel Core i7-5557U @ 3.10GHz,"3,151",28.0,Laptop,2,Intel HD Graphics 5500
Intel Core i7-5600U @ 2.60GHz,"2,998",15.0,Laptop,2,Intel HD Graphics 5500
Intel Core i7-5650U @ 2.20GHz,"2,997",15.0,Laptop,2,Intel HD Graphics 5500
Intel Core i7-5700EQ @ 2.60GHz,"5,803",47.0,Laptop,4,Intel Iris Pro Graphics 6200
Intel Core i7-5700HQ @ 2.70GHz,"6,046",47.0,Laptop,4,Intel Iris Pro Graphics 6200
Intel Core i7-5850EQ @ 2.70GHz,"7,036",47.0,Laptop,4,Intel Iris Pro Graphics 6200
Intel Core i7-5850HQ @ 2.70GHz,"6,866",47.0,Laptop,4,Intel Iris Pro Graphics 6200
Intel Core i7-5950HQ @ 2.90GHz,"7,667",47.0,Laptop,4,Intel Iris Pro Graphics 6200
Intel Core i7-610E @ 2.53GHz,"2,071",35.0,Laptop,2,Intel HD Graphics
Intel Core i7-620LM @ 2.00GHz,"1,467",25.0,Laptop,2,Intel HD Graphics
Intel Core i7-620M @ 2.67GHz,"1,980",35.0,Laptop,2,Intel HD Graphics
Intel Core i7-620UM @ 1.07GHz,"1,091",18.0,Laptop,2,Intel HD Graphics
Intel Core i7-640LM @ 2.13GHz,"1,534",25.0,Laptop,2,Intel HD Graphics
Intel Core i7-640M @ 2.80GHz,"2,099",35.0,Laptop,2,Intel HD Graphics
Intel Core i7-640UM @ 1.20GHz,"1,168",18.0,Laptop,2,Intel HD Graphics
Intel Core i7-6498DU @ 2.50GHz,"3,372",15.0,Laptop,2,Intel HD Graphics 520
Intel Core i7-6500U @ 2.50GHz,"3,274",15.0,Laptop,2,Intel HD Graphics 520
Intel Core i7-6560U @ 2.20GHz,"3,346",15.0,Laptop,2,Intel HD Graphics 520
Intel Core i7-6567U @ 3.30GHz,"3,687",28.0,Laptop,2,Intel HD Graphics 520
Intel Core i7-6600U @ 2.60GHz,"3,403",15.0,Laptop,2,Intel HD Graphics 530
Intel Core i7-660UM @ 1.33GHz,"1,279",18.0,Laptop,2,Intel HD Graphics
Intel Core i7-6650U @ 2.20GHz,"3,558",15.0,Laptop,2,Intel HD Graphics 530
Intel Core i7-6660U @ 2.40GHz,"3,636",15.0,Laptop,2,Intel HD Graphics 530
Intel Core i7-6700HQ @ 2.60GHz,"6,519",45.0,Laptop,4,Intel HD Graphics 530
Intel Core i7-6770HQ @ 2.60GHz,"7,055",45.0,Laptop,4,Intel HD Graphics 530
Intel Core i7-680UM @ 1.47GHz,"1,196",18.0,Laptop,2,Intel HD Graphics
Intel Core i7-6820EQ @ 2.80GHz,"7,025",45.0,Laptop,4,Intel HD Graphics 530
Intel Core i7-6820HK @ 2.70GHz,"7,027",45.0,Laptop,4,Intel HD Graphics 530
Intel Core i7-6820HQ @ 2.70GHz,"6,754",45.0,Laptop,4,Intel HD Graphics 530
Intel Core i7-6822EQ @ 2.00GHz,"5,550",25.0,Laptop,4,Intel HD Graphics 530
Intel Core i7-6920HQ @ 2.90GHz,"7,261",45.0,Laptop,4,Intel HD Graphics 530
Intel Core i7-6970HQ @ 2.80GHz,"4,632",45.0,Laptop,4,Intel HD Graphics 530
Intel Core i7-720QM @ 1.60GHz,"1,674",45.0,Laptop,4,Intel HD Graphics
Intel Core i7-740QM @ 1.73GHz,"1,844",45.0,Laptop,4,Intel HD Graphics
Intel Core i7-7500U @ 2.70GHz,"3,633",15.0,Laptop,2,Intel HD Graphics 620
Intel Core i7-7560U @ 2.40GHz,"3,810",15.0,Laptop,2,Intel HD Graphics 620
Intel Core i7-7567U @ 3.50GHz,"4,109",28.0,Laptop,2,Intel HD Graphics 620
Intel Core i7-7600U @ 2.80GHz,"3,691",15.0,Laptop,2,Intel HD Graphics 630
Intel Core i7-7660U @ 2.50GHz,"4,049",15.0,Laptop,2,Intel HD Graphics 630
Intel Core i7-7700HQ @ 2.80GHz,"6,881",45.0,Laptop,4,Intel HD Graphics 630
Intel Core i7-7820EQ @ 3.00GHz,"7,061",45.0,Laptop,4,Intel HD Graphics 630
Intel Core i7-7820HK @ 2.90GHz,"7,401",45.0,Laptop,4,Intel HD Graphics 630
Intel Core i7-7820HQ @ 2.90GHz,"7,171",45.0,Laptop,4,Intel HD Graphics 630
Intel Core i7-7920HQ @ 3.10GHz,"7,307",45.0,Laptop,4,Intel HD Graphics 630
Intel Core i7-820QM @ 1.73GHz,"1,829",45.0,Laptop,4,Intel HD Graphics
Intel Core i7-840QM @ 1.87GHz,"2,027",45.0,Laptop,4,Intel HD Graphics
Intel Core i7-8500Y @ 1.50GHz,"2,443",5.0,Laptop,2,Intel UHD Graphics 620
Intel Core i7-8550U @ 1.80GHz,"5,796",15.0,Laptop,4,Intel UHD Graphics 620
Intel Core i7-8557U @ 1.70GHz,"7,281",15.0,Laptop,4,Intel UHD Graphics 620
Intel Core i7-8559U @ 2.70GHz,"8,277",28.0,Laptop,4,Intel UHD Graphics 620
Intel Core i7-8565U @ 1.80GHz,"5,971",15.0,Laptop,4,Intel UHD Graphics 620
Intel Core i7-8565UC @ 1.80GHz,"6,187",15.0,Laptop,4,Intel UHD Graphics 620
Intel Core i7-8569U @ 2.80GHz,"8,163",28.0,Laptop,4,Intel UHD Graphics 620
Intel Core i7-8650U @ 1.90GHz,"6,190",15.0,Laptop,4,Intel UHD Graphics 630
Intel Core i7-8665U @ 1.90GHz,"6,192",15.0,Laptop,4,Intel UHD Graphics 630
Intel Core i7-8665UE @ 1.70GHz,"4,852",15.0,Laptop,4,Intel UHD Graphics 630
Intel Core i7-8700B @ 3.20GHz,"11,773",65.0,Laptop,6,Intel UHD Graphics 630
Intel Core i7-8705G @ 3.10GHz,"7,637",65.0,Laptop,4,Intel UHD Graphics 630
Intel Core i7-8706G @ 3.10GHz,"7,492",65.0,Laptop,4,Intel UHD Graphics 630
Intel Core i7-8709G @ 3.10GHz,"7,934",100.0,Laptop,4,Intel UHD Graphics 630
Intel Core i7-8750H @ 2.20GHz,"9,759",45.0,Laptop,6,Intel UHD Graphics 630
Intel Core i7-8809G @ 3.10GHz,"8,459",100.0,Laptop,4,AMD Radeon RX Vega M GH
Intel Core i7-8850H @ 2.60GHz,"10,053",45.0,Laptop,6,Intel UHD Graphics 630
Intel Core i7-920XM @ 2.00GHz,"2,014",55.0,Laptop,4,Intel HD Graphics
Intel Core i7-940XM @ 2.13GHz,"2,269",55.0,Laptop,4,Intel HD Graphics
Intel Core i7-9750H @ 2.60GHz,"10,603",45.0,Laptop,6,Intel UHD Graphics 630
Intel Core i7-9750HF @ 2.60GHz,"10,338",45.0,Laptop,6,Intel UHD Graphics 630
Intel Core i7-9850H @ 2.60GHz,"10,865",45.0,Laptop,6,Intel UHD Graphics 630
Intel Core i9-10880H @ 2.30GHz,"14,240",45.0,Laptop,8,Intel UHD Graphics
Intel Core i9-10885H @ 2.40GHz,"14,402",45.0,Laptop,8,Intel UHD Graphics
Intel Core i9-10980HK @ 2.40GHz,"15,163",45.0,Laptop,8,Intel UHD Graphics
Intel Core i9-11900H @ 2.50GHz,"19,935",45.0,Laptop,8,Intel UHD Graphics
Intel Core i9-11950H @ 2.60GHz,"20,557",45.0,Laptop,8,Intel UHD Graphics
Intel Core i9-11980HK @ 2.60GHz,"22,218",45.0,Laptop,8,Intel UHD Graphics
Intel Core i9-12900H,"26,927",45.0,Laptop,6,Intel UHD Graphics 770
Intel Core i9-12900HK,"25,435",45.0,Laptop,6,Intel UHD Graphics 770
Intel Core i9-12900HX,"33,104",55.0,Laptop,8,Intel UHD Graphics 770
Intel Core i9-12950HX,"31,291",55.0,Laptop,8,Intel UHD Graphics 770
Intel Core i9-13900H,"27,344",45.0,Laptop,6,Intel UHD Graphics 770
Intel Core i9-13900HK,"26,954",45.0,Laptop,6,Intel UHD Graphics 770
Intel Core i9-13900HX,"42,244",55.0,Laptop,8,Intel UHD Graphics 770
Intel Core i9-13905H,"29,723",45.0,Laptop,6,Intel UHD Graphics 770
Intel Core i9-13950HX,"40,916",55.0,Laptop,8,Intel UHD Graphics 770
Intel Core i9-13980HX,"45,854",55.0,Laptop,8,Intel UHD Graphics 770
Intel Core i9-14900HX,"44,450",55.0,Laptop,8,Intel UHD Graphics 770
Intel Core i9-8950HK @ 2.90GHz,"10,372",45.0,Laptop,6,Intel UHD Graphics 630
Intel Core i9-9880H @ 2.30GHz,"13,513",45.0,Laptop,8,Intel UHD Graphics 630
Intel Core i9-9980HK @ 2.40GHz,"13,944",45.0,Laptop,8,Intel UHD Graphics 630
Intel Core M-5Y10 @ 0.80GHz,"1,644",4.5,Laptop,2,Intel HD Graphics 5300
Intel Core M-5Y10a @ 0.80GHz,"1,905",4.5,Laptop,2,Intel HD Graphics 5300
Intel Core M-5Y10c @ 0.80GHz,"1,905",4.5,Laptop,2,Intel HD Graphics 5300
Intel Core M-5Y31 @ 0.90GHz,"1,891",4.5,Laptop,2,Intel HD Graphics 5300
Intel Core M-5Y51 @ 1.10GHz,"2,015",4.5,Laptop,2,Intel HD Graphics 5300
Intel Core M-5Y70 @ 1.10GHz,"1,890",4.5,Laptop,2,Intel HD Graphics 5300
Intel Core M-5Y71 @ 1.20GHz,"1,958",4.5,Laptop,2,Intel HD Graphics 5300
Intel Core m3-6Y30 @ 0.90GHz,"2,173",4.5,Laptop,2,Intel HD Graphics 515
Intel Core m3-7Y30 @ 1.00GHz,"2,432",4.5,Laptop,2,Intel HD Graphics 615
Intel Core Solo T1300 @ 1.66GHz,210,27.0,Laptop,1,
Intel Core Solo T1350 @ 1.86GHz,194,31.0,Laptop,1,
Intel Core Solo T1400 @ 1.83GHz,253,27.0,Laptop,1,
Intel Core Solo U1300 @ 1.06GHz,127,6.0,Laptop,1,
Intel Core Solo U1400 @ 1.20GHz,130,5.5,Laptop,1,
Intel Core Solo U1500 @ 1.33GHz,164,5.5,Laptop,1,
Intel Core Ultra 5 115U,"11,499",15.0,Laptop,2,Intel Arc Graphics
Intel Core Ultra 5 125H,"20,671",28.0,Laptop,4,Intel Arc Graphics
Intel Core Ultra 5 125U,"16,989",15.0,Laptop,2,Intel Arc Graphics
Intel Core Ultra 5 134U,"13,142",30.0,Laptop,2,Intel Arc Graphics
Intel Core Ultra 5 135H,"22,089",28.0,Laptop,4,Intel Arc Graphics
Intel Core Ultra 5 135U,"16,828",15.0,Laptop,2,Intel Arc Graphics
Intel Core Ultra 5 225H,"28,671",28.0,Laptop,4,Intel Arc Graphics
Intel Core Ultra 5 225U,"18,388",15.0,Laptop,2,Intel Arc Graphics
Intel Core Ultra 5 235H,"29,454",28.0,Laptop,4,Intel Arc Graphics
Intel Core Ultra 5 235HX,"40,122",55.0,Laptop,6,Intel Arc Graphics
Intel Core Ultra 5 235U,"17,341",15.0,Laptop,2,Intel Arc Graphics
Intel Core Ultra 7 155H,"24,673",28.0,Laptop,6,Intel Arc Graphics
Intel Core Ultra 7 155U,"16,169",15.0,Laptop,2,Intel Arc Graphics
Intel Core Ultra 7 164U,"12,686",9.0,Laptop,2,Intel Arc Graphics
Intel Core Ultra 7 165H,"25,905",28.0,Laptop,6,Intel Arc Graphics
Intel Core Ultra 7 165U,"16,825",15.0,Laptop,2,Intel Arc Graphics
Intel Core Ultra 7 255HX,"49,270",55.0,Laptop,8,Intel Arc Graphics
Intel Core Ultra 7 256V,"19,629",17.0,Laptop,4,Intel Arc Graphics
Intel Core Ultra 7 258V,"18,945",17.0,Laptop,4,Intel Arc Graphics
Intel Core Ultra 7 265H,"34,638",28.0,Laptop,6,Intel Arc Graphics
Intel Core Ultra 7 265HX,"48,862",55.0,Laptop,8,Intel Arc Graphics
Intel Core Ultra 7 265U,"17,822",15.0,Laptop,2,Intel Arc Graphics
Intel Core Ultra 7 266V,"19,303",17.0,Laptop,4,Intel Arc Graphics
Intel Core Ultra 9 185H,"29,315",45.0,Laptop,6,Intel Arc Graphics
Intel Core Ultra 9 275HX,"56,114",55.0,Laptop,8,Intel Arc Graphics
Intel Core Ultra 9 285HX,"57,591",55.0,Laptop,8,Intel Arc Graphics
Intel Core Ultra 9 288V,"20,136",30.0,Laptop,4,Intel Arc Graphics
Intel Core Ultra X7 358H,"31,657",45.0,Laptop,4,Intel HD Graphics
Intel Core2 Duo E8135 @ 2.66GHz,"1,020",35.0,Laptop,2,
Intel Core2 Duo E8235 @ 2.80GHz,"1,020",35.0,Laptop,2,
Intel Core2 Duo E8335 @ 2.66GHz,"1,082",35.0,Laptop,2,
Intel Core2 Duo E8335 @ 2.93GHz,"1,079",35.0,Laptop,2,
Intel Core2 Duo E8435 @ 3.06GHz,"1,104",35.0,Laptop,2,
Intel Core2 Duo L7100 @ 1.20GHz,467,17.0,Laptop,2,
Intel Core2 Duo L7300 @ 1.40GHz,536,17.0,Laptop,2,
Intel Core2 Duo L7400 @ 1.50GHz,516,17.0,Laptop,2,
Intel Core2 Duo L7500 @ 1.60GHz,663,17.0,Laptop,2,
Intel Core2 Duo L7700 @ 1.80GHz,677,17.0,Laptop,2,
Intel Core2 Duo L9300 @ 1.60GHz,690,17.0,Laptop,2,
Intel Core2 Duo L9600 @ 2.13GHz,788,17.0,Laptop,2,
Intel Core2 Duo P7350 @ 2.00GHz,725,25.0,Laptop,2,
Intel Core2 Duo P7370 @ 2.00GHz,790,25.0,Laptop,2,
Intel Core2 Duo P7450 @ 2.13GHz,807,25.0,Laptop,2,
Intel Core2 Duo P7550 @ 2.26GHz,803,25.0,Laptop,2,
Intel Core2 Duo P7570 @ 2.26GHz,888,25.0,Laptop,2,
Intel Core2 Duo P8400 @ 2.26GHz,865,25.0,Laptop,2,
Intel Core2 Duo P8600 @ 2.40GHz,862,25.0,Laptop,2,
Intel Core2 Duo P8700 @ 2.53GHz,966,25.0,Laptop,2,
Intel Core2 Duo P8800 @ 2.66GHz,944,25.0,Laptop,2,
Intel Core2 Duo P9300 @ 2.26GHz,983,25.0,Laptop,2,
Intel Core2 Duo P9500 @ 2.53GHz,"1,007",25.0,Laptop,2,
Intel Core2 Duo P9600 @ 2.53GHz,"1,040",25.0,Laptop,2,
Intel Core2 Duo P9600 @ 2.66GHz,"1,093",25.0,Laptop,2,
Intel Core2 Duo P9700 @ 2.80GHz,"1,178",28.0,Laptop,2,
Intel Core2 Duo SL9400 @ 1.86GHz,720,17.0,Laptop,2,
Intel Core2 Duo SP9400 @ 2.40GHz,887,25.0,Laptop,2,
Intel Core2 Duo SU9400 @ 1.40GHz,536,10.0,Laptop,2,
Intel Core2 Duo T5200 @ 1.60GHz,470,34.0,Laptop,2,
Intel Core2 Duo T5250 @ 1.50GHz,557,35.0,Laptop,2,
Intel Core2 Duo T5270 @ 1.40GHz,449,35.0,Laptop,2,
Intel Core2 Duo T5300 @ 1.73GHz,530,34.0,Laptop,2,
Intel Core2 Duo T5450 @ 1.66GHz,584,35.0,Laptop,2,
Intel Core2 Duo T5470 @ 1.60GHz,590,35.0,Laptop,2,
Intel Core2 Duo T5500 @ 1.66GHz,576,34.0,Laptop,2,
Intel Core2 Duo T5550 @ 1.83GHz,625,35.0,Laptop,2,
Intel Core2 Duo T5600 @ 1.83GHz,677,34.0,Laptop,2,
Intel Core2 Duo T5670 @ 1.80GHz,633,35.0,Laptop,2,
Intel Core2 Duo T5750 @ 2.00GHz,708,35.0,Laptop,2,
Intel Core2 Duo T5800 @ 2.00GHz,641,35.0,Laptop,2,
Intel Core2 Duo T5850 @ 2.16GHz,721,35.0,Laptop,2,
Intel Core2 Duo T5870 @ 2.00GHz,706,35.0,Laptop,2,
Intel Core2 Duo T5900 @ 2.20GHz,677,35.0,Laptop,2,
Intel Core2 Duo T6400 @ 2.00GHz,739,35.0,Laptop,2,
Intel Core2 Duo T6500 @ 2.10GHz,755,35.0,Laptop,2,
Intel Core2 Duo T6570 @ 2.10GHz,774,35.0,Laptop,2,
Intel Core2 Duo T6600 @ 2.20GHz,806,35.0,Laptop,2,
Intel Core2 Duo T6670 @ 2.20GHz,841,35.0,Laptop,2,
Intel Core2 Duo T7100 @ 1.80GHz,605,35.0,Laptop,2,
Intel Core2 Duo T7200 @ 2.00GHz,742,34.0,Laptop,2,
Intel Core2 Duo T7250 @ 2.00GHz,701,35.0,Laptop,2,
Intel Core2 Duo T7300 @ 2.00GHz,705,35.0,Laptop,2,
Intel Core2 Duo T7400 @ 2.16GHz,755,34.0,Laptop,2,
Intel Core2 Duo T7500 @ 2.20GHz,827,35.0,Laptop,2,
Intel Core2 Duo T7600 @ 2.33GHz,800,34.0,Laptop,2,
Intel Core2 Duo T7700 @ 2.40GHz,944,35.0,Laptop,2,
Intel Core2 Duo T7800 @ 2.60GHz,909,35.0,Laptop,2,
Intel Core2 Duo T8100 @ 2.10GHz,789,35.0,Laptop,2,
Intel Core2 Duo T8300 @ 2.40GHz,899,35.0,Laptop,2,
Intel Core2 Duo T9300 @ 2.50GHz,985,35.0,Laptop,2,
Intel Core2 Duo T9400 @ 2.53GHz,"1,008",35.0,Laptop,2,
Intel Core2 Duo T9500 @ 2.60GHz,"1,025",35.0,Laptop,2,
Intel Core2 Duo T9550 @ 2.66GHz,989,35.0,Laptop,2,
Intel Core2 Duo T9600 @ 2.80GHz,"1,093",35.0,Laptop,2,
Intel Core2 Duo T9800 @ 2.93GHz,"1,186",35.0,Laptop,2,
Intel Core2 Duo T9900 @ 3.06GHz,"1,213",35.0,Laptop,2,
Intel Core2 Duo U7300 @ 1.30GHz,532,10.0,Laptop,2,
Intel Core2 Duo U7500 @ 1.06GHz,408,10.0,Laptop,2,
Intel Core2 Duo U7600 @ 1.20GHz,347,10.0,Laptop,2,
Intel Core2 Duo U7700 @ 1.33GHz,420,10.0,Laptop,2,
Intel Core2 Duo U9300 @ 1.20GHz,447,10.0,Laptop,2,
Intel Core2 Duo U9600 @ 1.60GHz,595,10.0,Laptop,2,
Intel Core2 Extreme X7800 @ 2.60GHz,"1,138",44.0,Laptop,2,
Intel Core2 Extreme X7900 @ 2.80GHz,"1,115",44.0,Laptop,2,
Intel Core2 Extreme X9000 @ 2.80GHz,"1,108",44.0,Laptop,2,
Intel Core2 Extreme X9100 @ 3.06GHz,"1,193",44.0,Laptop,2,
Intel Core2 Quad Q9000 @ 2.00GHz,"1,597",45.0,Laptop,4,
Intel Core2 Quad Q9100 @ 2.26GHz,"1,806",45.0,Laptop,4,
Intel Core2 Solo U2100 @ 1.06GHz,233,5.5,Laptop,1,
Intel Core2 Solo U3500 @ 1.40GHz,272,5.5,Laptop,1,
Intel CoreTM Ultra 5 115U,"12,771",15.0,Laptop,2,Intel HD Graphics
Intel Pentium 2020M @ 2.40GHz,"1,415",35.0,Laptop,2,Intel HD Graphics
Intel Pentium 2030M @ 2.50GHz,"1,415",35.0,Laptop,2,Intel HD Graphics
Intel Pentium 2117U @ 1.80GHz,"1,008",17.0,Laptop,2,Intel HD Graphics
Intel Pentium 2127U @ 1.90GHz,"1,076",17.0,Laptop,2,Intel HD Graphics
Intel Pentium 2129Y @ 1.10GHz,587,10.0,Laptop,2,Intel HD Graphics
Intel Pentium 3550M @ 2.30GHz,"1,339",37.0,Laptop,2,Intel HD Graphics
Intel Pentium 3556U @ 1.70GHz,"1,065",15.0,Laptop,2,Intel HD Graphics
Intel Pentium 3558U @ 1.70GHz,"1,043",15.0,Laptop,2,Intel HD Graphics
Intel Pentium 3560M @ 2.40GHz,"1,345",37.0,Laptop,2,Intel HD Graphics
Intel Pentium 3560Y @ 1.20GHz,887,11.5,Laptop,2,Intel HD Graphics
Intel Pentium 3805U @ 1.90GHz,"1,197",15.0,Laptop,2,Intel HD Graphics
Intel Pentium 3825U @ 1.90GHz,"1,400",15.0,Laptop,2,Intel HD Graphics
Intel Pentium 4 Mobile 1.60GHz,116,35.0,Laptop,1,
Intel Pentium 4 Mobile 1.80GHz,114,35.0,Laptop,1,
Intel Pentium 4 Mobile 1.90GHz,136,35.0,Laptop,1,
Intel Pentium 4 Mobile 2.00GHz,132,35.0,Laptop,1,
Intel Pentium 4405U @ 2.10GHz,"2,123",15.0,Laptop,2,Intel HD Graphics 510
Intel Pentium 4405Y @ 1.50GHz,"1,490",6.0,Laptop,2,Intel HD Graphics 510
Intel Pentium 4410Y @ 1.50GHz,"1,441",6.0,Laptop,2,Intel HD Graphics 510
Intel Pentium 4415U @ 2.30GHz,"2,256",15.0,Laptop,2,Intel HD Graphics 510
Intel Pentium 4415Y @ 1.60GHz,"1,582",6.0,Laptop,2,Intel HD Graphics 510
Intel Pentium 4417U @ 2.30GHz,"2,252",15.0,Laptop,2,Intel HD Graphics 510
Intel Pentium 4425Y @ 1.70GHz,"1,700",6.0,Laptop,2,Intel HD Graphics 510
Intel Pentium 5405U @ 2.30GHz,"2,237",15.0,Laptop,2,Intel UHD Graphics 610
Intel Pentium 6405U @ 2.40GHz,"2,359",15.0,Laptop,2,Intel UHD Graphics
Intel Pentium 6805 @ 1.10GHz,"4,424",15.0,Laptop,2,Intel UHD Graphics
Intel Pentium 957 @ 1.20GHz,622,17.0,Laptop,2,Intel HD Graphics
Intel Pentium 967 @ 1.30GHz,643,17.0,Laptop,2,Intel HD Graphics
Intel Pentium 987 @ 1.50GHz,697,17.0,Laptop,2,Intel HD Graphics
Intel Pentium A1018 @ 2.10GHz,"1,188",35.0,Laptop,2,Intel HD Graphics
Intel Pentium A1020 @ 2.41GHz,"1,167",10.0,Laptop,4,Intel HD Graphics
Intel Pentium B940 @ 2.00GHz,890,35.0,Laptop,2,Intel HD Graphics
Intel Pentium B950 @ 2.10GHz,"1,021",35.0,Laptop,2,Intel HD Graphics
Intel Pentium B960 @ 2.20GHz,"1,023",35.0,Laptop,2,Intel HD Graphics
Intel Pentium B970 @ 2.30GHz,"1,096",35.0,Laptop,2,Intel HD Graphics
Intel Pentium B980 @ 2.40GHz,"1,093",35.0,Laptop,2,Intel HD Graphics
Intel Pentium Dual T2390 @ 1.86GHz,745,35.0,Laptop,2,
Intel Pentium G4400TE @ 2.40GHz,"2,190",35.0,Laptop,2,Intel HD Graphics 510
Intel Pentium Gold 7505 @ 2.00GHz,"5,168",15.0,Laptop,2,Intel UHD Graphics
Intel Pentium III Mobile 1066MHz,160,22.0,Laptop,1,
Intel Pentium III Mobile 1133MHz,164,22.0,Laptop,1,
Intel Pentium III Mobile 1200MHz,156,22.0,Laptop,1,
Intel Pentium III Mobile 800MHz,119,22.0,Laptop,1,
Intel Pentium III Mobile 866MHz,99,22.0,Laptop,1,
Intel Pentium M 1.10GHz,184,24.5,Laptop,1,Intel GMA 900
Intel Pentium M 1.20GHz,199,24.5,Laptop,1,Intel GMA 900
Intel Pentium M 1.30GHz,196,22.0,Laptop,1,Intel GMA 900
Intel Pentium M 1.40GHz,225,22.0,Laptop,1,Intel GMA 900
Intel Pentium M 1.50GHz,240,24.5,Laptop,1,Intel GMA 900
Intel Pentium M 1.60GHz,194,24.5,Laptop,1,Intel GMA 900
Intel Pentium M 1.70GHz,239,24.5,Laptop,1,Intel GMA 900
Intel Pentium M 1.73GHz,205,27.0,Laptop,1,Intel GMA 900
Intel Pentium M 1.80GHz,280,21.0,Laptop,1,Intel GMA 900
Intel Pentium M 1.86GHz,222,27.0,Laptop,1,Intel GMA 900
Intel Pentium M 1000MHz,156,7.0,Laptop,1,Intel GMA 900
Intel Pentium M 1200MHz,155,12.0,Laptop,1,Intel GMA 900
Intel Pentium M 1300MHz,197,22.0,Laptop,1,Intel GMA 900
Intel Pentium M 1400MHz,208,22.0,Laptop,1,Intel GMA 900
Intel Pentium M 1500MHz,188,24.5,Laptop,1,Intel GMA 900
Intel Pentium M 1600MHz,193,24.5,Laptop,1,Intel GMA 900
Intel Pentium M 1700MHz,237,24.5,Laptop,1,Intel GMA 900
Intel Pentium M 2.00GHz,270,21.0,Laptop,1,Intel GMA 900
Intel Pentium M 2.10GHz,292,21.0,Laptop,1,Intel GMA 900
Intel Pentium M 2.13GHz,234,27.0,Laptop,1,Intel GMA 900
Intel Pentium M 2.26GHz,227,27.0,Laptop,1,Intel GMA 900
Intel Pentium M 900MHz,141,7.0,Laptop,1,Intel GMA 900
Intel Pentium N3510 @ 1.99GHz,942,7.5,Laptop,4,Intel HD Graphics
Intel Pentium N3520 @ 2.16GHz,"1,144",7.5,Laptop,4,Intel HD Graphics
Intel Pentium N3530 @ 2.16GHz,"1,147",7.5,Laptop,4,Intel HD Graphics
Intel Pentium N3540 @ 2.16GHz,"1,203",7.5,Laptop,4,Intel HD Graphics
Intel Pentium N3700 @ 1.60GHz,"1,250",6.0,Laptop,4,Intel HD Graphics
Intel Pentium N3710 @ 1.60GHz,"1,383",6.0,Laptop,4,Intel HD Graphics
Intel Pentium N4200 @ 1.10GHz,"2,159",6.0,Laptop,4,Intel HD Graphics
Intel Pentium P6000 @ 1.87GHz,835,35.0,Laptop,2,Intel HD Graphics
Intel Pentium P6100 @ 2.00GHz,879,35.0,Laptop,2,Intel HD Graphics
Intel Pentium P6200 @ 2.13GHz,935,35.0,Laptop,2,Intel HD Graphics
Intel Pentium P6300 @ 2.27GHz,967,35.0,Laptop,2,Intel HD Graphics
Intel Pentium Silver N5000 @ 1.10GHz,"2,594",6.0,Laptop,4,Intel UHD Graphics 605
Intel Pentium Silver N5020 @ 1.10GHz,"3,404",6.0,Laptop,4,Intel UHD Graphics 605
Intel Pentium Silver N5030 @ 1.10GHz,"2,539",6.0,Laptop,4,Intel UHD Graphics 605
Intel Pentium SU2700 @ 1.30GHz,244,10.0,Laptop,1,Intel GMA 4500MHD
Intel Pentium SU4100 @ 1.30GHz,506,10.0,Laptop,2,Intel GMA 4500MHD
Intel Pentium T2060 @ 1.60GHz,330,31.0,Laptop,2,Intel GMA 4500MHD
Intel Pentium T2080 @ 1.73GHz,341,31.0,Laptop,2,Intel GMA 4500MHD
Intel Pentium T2130 @ 1.86GHz,382,31.0,Laptop,2,Intel GMA 4500MHD
Intel Pentium T2310 @ 1.46GHz,538,35.0,Laptop,2,Intel GMA 4500MHD
Intel Pentium T2330 @ 1.60GHz,533,35.0,Laptop,2,Intel GMA 4500MHD
Intel Pentium T2370 @ 1.73GHz,557,35.0,Laptop,2,Intel GMA 4500MHD
Intel Pentium T2390 @ 1.86GHz,540,35.0,Laptop,2,Intel GMA 4500MHD
Intel Pentium T3200 @ 2.00GHz,672,35.0,Laptop,2,Intel GMA 4500MHD
Intel Pentium T3400 @ 2.16GHz,664,35.0,Laptop,2,Intel GMA 4500MHD
Intel Pentium T4200 @ 2.00GHz,728,35.0,Laptop,2,Intel GMA 4500MHD
Intel Pentium T4300 @ 2.10GHz,781,35.0,Laptop,2,Intel GMA 4500MHD
Intel Pentium T4400 @ 2.20GHz,792,35.0,Laptop,2,Intel GMA 4500MHD
Intel Pentium T4500 @ 2.30GHz,849,35.0,Laptop,2,Intel GMA 4500MHD
Intel Pentium U5400 @ 1.20GHz,552,18.0,Laptop,2,Intel GMA 4500MHD
Intel Pentium U5600 @ 1.33GHz,624,18.0,Laptop,2,Intel GMA 4500MHD
Intel U300,"8,556",15.0,Laptop,1,Intel HD Graphics
Intel Xeon E-2176M @ 2.70GHz,"10,810",45.0,Laptop,6,Intel UHD Graphics P630
Intel Xeon E-2186M @ 2.90GHz,"11,243",45.0,Laptop,6,Intel UHD Graphics P630
Intel Xeon E-2276M @ 2.80GHz,"11,666",45.0,Laptop,6,Intel UHD Graphics P630
Intel Xeon E-2286M @ 2.40GHz,"15,126",45.0,Laptop,8,Intel UHD Graphics P630
Microsoft SQ1 @ 3.0 GHz,"6,039",15.0,Laptop,4,Qualcomm Adreno 685
Microsoft SQ2 @ 3.15 GHz,"6,587",15.0,Laptop,4,Qualcomm Adreno 690
Microsoft SQ3 @ 3.0 GHz,"11,831",15.0,Laptop,4,Qualcomm Adreno 8cx Gen 3
Mobile AMD Athlon 2500+,241,35.0,Laptop,1,AMD Radeon Graphics
Mobile AMD Athlon 4 2400+,233,35.0,Laptop,1,AMD Radeon Graphics
Mobile AMD Athlon 64 3200+,326,81.5,Laptop,1,AMD Radeon Graphics
Mobile AMD Athlon 64 3400+,333,81.5,Laptop,1,AMD Radeon Graphics
Mobile AMD Athlon 64 3700+,356,81.5,Laptop,1,AMD Radeon Graphics
Mobile AMD Athlon 64 4000+,313,62.0,Laptop,1,AMD Radeon Graphics
Mobile AMD Athlon MP-M 1800+,173,35.0,Laptop,1,AMD Radeon Graphics
Mobile AMD Athlon MP-M 2400+,192,35.0,Laptop,1,AMD Radeon Graphics
Mobile AMD Athlon XP-M 1600+,169,25.0,Laptop,1,AMD Radeon Graphics
Mobile AMD Athlon XP-M 1800+,193,45.0,Laptop,1,AMD Radeon Graphics
Mobile AMD Athlon XP-M 2000+,196,35.0,Laptop,1,AMD Radeon Graphics
Mobile AMD Athlon XP-M 2200+,237,35.0,Laptop,1,AMD Radeon Graphics
Mobile AMD Athlon XP-M 2400+,225,35.0,Laptop,1,AMD Radeon Graphics
Mobile AMD Athlon XP-M 2500+,226,35.0,Laptop,1,AMD Radeon Graphics
Mobile AMD Athlon XP-M 2600+,241,35.0,Laptop,1,AMD Radeon Graphics
Mobile AMD Athlon XP-M 2800+,238,35.0,Laptop,1,AMD Radeon Graphics
Mobile AMD Athlon XP-M 3000+,238,35.0,Laptop,1,AMD Radeon Graphics
Mobile AMD Sempron 2600+,256,25.0,Laptop,1,AMD Radeon Graphics
Mobile AMD Sempron 2800+,237,25.0,Laptop,1,AMD Radeon Graphics
Mobile AMD Sempron 3000+,269,25.0,Laptop,1,AMD Radeon Graphics
Mobile AMD Sempron 3100+,277,25.0,Laptop,1,AMD Radeon Graphics
Mobile AMD Sempron 3200+,245,25.0,Laptop,1,AMD Radeon Graphics
Mobile AMD Sempron 3300+,294,25.0,Laptop,1,AMD Radeon Graphics
Mobile AMD Sempron 3400+,269,25.0,Laptop,1,AMD Radeon Graphics
Mobile AMD Sempron 3500+,269,25.0,Laptop,1,AMD Radeon Graphics
Mobile AMD Sempron 3600+,284,25.0,Laptop,1,AMD Radeon Graphics
Mobile AMD Sempron 3800+,335,25.0,Laptop,1,AMD Radeon Graphics
Mobile Intel Celeron 1.70GHz,118,30.0,Laptop,1,Intel HD Graphics
Mobile Intel Celeron 1.80GHz,121,66.1,Laptop,1,Intel HD Graphics
Mobile Intel Celeron 1333MHz,183,24.0,Laptop,1,Intel HD Graphics
Mobile Intel Celeron 2.00GHz,133,30.0,Laptop,1,Intel HD Graphics
Mobile Intel Celeron 2.20GHz,147,30.0,Laptop,1,Intel HD Graphics
Mobile Intel Celeron 2.40GHz,154,30.0,Laptop,1,Intel HD Graphics
Mobile Intel Pentium 4 - M 1.70GHz,121,35.0,Laptop,1,Intel HD Graphics
Mobile Intel Pentium 4 - M 1.80GHz,119,35.0,Laptop,1,Intel HD Graphics
Mobile Intel Pentium 4 - M 2.00GHz,138,35.0,Laptop,1,Intel HD Graphics
Mobile Intel Pentium 4 - M 2.20GHz,143,35.0,Laptop,1,Intel HD Graphics
Mobile Intel Pentium 4 - M 2.40GHz,139,35.0,Laptop,1,Intel HD Graphics
Mobile Intel Pentium 4 3.33GHz,344,55.0,Laptop,1,Intel HD Graphics
Mobile Intel Pentium III - M 1200MHz,146,22.0,Laptop,1,
Mobile Intel Pentium III - M 933MHz,130,20.1,Laptop,1,
Qualcomm Snapdragon X Elite - X1E-78-100,"22,695",23.0,Laptop,12,Adreno GPU
Qualcomm Snapdragon X Elite - X1E-80-100,"22,820",23.0,Laptop,12,Adreno GPU
Qualcomm Snapdragon X Elite - X1E-84-100,"24,809",23.0,Laptop,12,Adreno GPU
Qualcomm Snapdragon X Elite - X1E001DE,"31,863",23.0,Laptop,12,Adreno GPU
Qualcomm Snapdragon X Plus X1P-64-100,"21,417",23.0,Laptop,10,Adreno X1-85
Snapdragon X - X126100 - Qualcomm Oryon,"16,510",30.0,Laptop,8,Adreno GPU
Snapdragon X Plus - X1P42100 - Qualcomm Oryon,"18,112",30.0,Laptop,8,Adreno GPU
VIA C7-M 1200MHz,112,7.0,Laptop,1,VIA Chrome9
VIA C7-M 1600MHz,116,15.0,Laptop,1,VIA Chrome9
VIA C7-M 6300MHz,145,12.0,Laptop,1,VIA Chrome9
VIA Eden 1000MHz,80,5.0,Laptop,1,VIA Chrome9
VIA Eden 1200MHz,93,7.0,Laptop,1,VIA Chrome9
VIA Nano L2007@1600MHz,238,25.0,Laptop,1,VIA Chrome9
VIA Nano L2100@1800MHz,279,25.0,Laptop,1,VIA Chrome9
VIA Nano L2207@1600MHz,165,17.0,Laptop,1,VIA Chrome9
VIA Nano U2250 (1.6GHz Capable),187,8.0,Laptop,1,VIA Chrome9
VIA Nano U2250@1300+MHz,179,10.0,Laptop,1,VIA Chrome9
VIA Nano U2500@1200MHz,199,7.0,Laptop,1,VIA Chrome9
VIA Nano U3500@1000MHz,184,5.0,Laptop,1,VIA Chrome9
VIA Nano X2 U4025 @ 1.2 GHz,353,8.0,Laptop,2,VIA Chrome9
VIA QuadCore L4700 @ 1.2+ GHz,773,27.5,Laptop,4,VIA Chrome9
Intel Core2 Duo T7700 @ 2.40GHz,"3,497",35.0,Laptop,2,
