cpu_name,storage_type,storage_size,tier,notescpu_name,ssd_guess,hdd_guess,notes

AMD 3015e,SSD,256GB,budget,2020 entry laptopIntel Core i5 750S,,500GB,heuristic

AMD 3020e,SSD,256GB,budget,2020 entry laptopIntel Core i7-11800H,512GB,,heuristic

AMD A10 Micro-6700T APU,HDD,500GB,budget,2014 tablet APUIntel Core i7-7700HQ,512GB,,heuristic

AMD A10 PRO-7350B APU,HDD,500GB,budget,2014 Kaveri PROAMD Ryzen 7 5800HS,1TB,,heuristic

AMD A10 PRO-7850B APU,HDD,500GB,mid,2014 Kaveri PROAMD Ryzen 5 2400G,512GB,,heuristic

AMD A10-9600P,SSD,256GB,budget,2016 Bristol RidgeIntel core i5-10300H,512GB,,heuristic

AMD A10-9620P,SSD,256GB,budget,2016 Bristol RidgeAMD Ryzen 5 7520U,512GB,,heuristic

AMD A12-9700P,SSD,256GB,mid,2016 Bristol RidgeIntel Core i3-7101TE,,500GB,heuristic

AMD A12-9720P,SSD,256GB,mid,2016 Bristol RidgeIntel Core i7-13700HX,512GB,,heuristic

AMD A4 Micro-6400T APU,HDD,320GB,budget,2014 tablet APUIntel Core i5-1145G7,512GB,,heuristic

AMD A4-1200 APU,HDD,320GB,budget,2013 TemashAMD Ryzen 5 PRO 7540U,512GB,,heuristic

AMD A4-1250 APU,HDD,320GB,budget,2013 TemashIntel Core i5-1135G7,512GB,,heuristic

AMD A4-3300M APU,HDD,500GB,budget,2011 LlanoIntel Core i5-1230U,512GB,,heuristic

AMD A4-4300M APU,HDD,500GB,budget,2012 TrinityIntel Core i5-10210U,512GB,,heuristic

AMD A4-9125,SSD,256GB,budget,2018 Stoney RidgeIntel Core i5-8365U,512GB,,heuristic

AMD A6 Micro-6500T APU,HDD,320GB,budget,2014 tabletIntel Core i7-1165G7,512GB,,heuristic

AMD A6-1450 APU,HDD,320GB,budget,2013 TemashAMD Ryzen 5 4500U,512GB,,heuristic

AMD A6-6310 APU,HDD,500GB,budget,2014 BeemaIntel Core i5-8250U,512GB,,heuristic

AMD A6-7310 APU,HDD,500GB,budget,2015 Carrizo-LIntel Core i3-2120T,,500GB,heuristic

AMD A6-9220,SSD,256GB,budget,2017 Stoney RidgeIntel Core i7-10510U,512GB,,heuristic

AMD A6-9225,SSD,256GB,budget,2018 Stoney RidgeIntel Core i9-13900H,1TB,,heuristic

AMD A8 PRO-7150B APU,HDD,500GB,budget,2014 Kaveri PROAMD Ryzen 5 5600G,512GB,,heuristic

AMD A8-3500M APU,HDD,500GB,budget,2011 LlanoIntel Core i5 E 520,,500GB,heuristic

AMD A8-4500M APU,HDD,500GB,budget,2012 TrinityIntel Core i3-4005U,,500GB,heuristic

AMD A8-6410 APU,HDD,500GB,budget,2014 BeemaIntel Core i3-5005U,,500GB,heuristic

AMD A8-7100 APU,HDD,500GB,budget,2014 KaveriIntel Core i5-8350U,512GB,,heuristic

AMD A8-7410 APU,HDD,500GB,budget,2015 Carrizo-LIntel Core i5-7300U,512GB,,heuristic

AMD A9-9400,SSD,256GB,budget,2016 Bristol RidgeIntel Core i5-6200U,512GB,,heuristic

AMD A9-9420,SSD,256GB,budget,2017 Stoney RidgeIntel Core i5-6300U,512GB,,heuristic

AMD A9-9425,SSD,256GB,budget,2018 Stoney RidgeApple M2 Max 12 Core 3680 MHz,1TB,,heuristic

AMD Athlon 1500+,HDD,80GB,budget,2002 K7Intel Core i7-12700H,512GB,,heuristic

AMD Athlon Gold 3150U,SSD,256GB,budget,2020 Zen+Intel Core i5-3360M,,500GB,heuristic

AMD Athlon II X4 620,HDD,500GB,budget,2009 K10Intel Core i5-4210M,,500GB,heuristic

AMD Athlon Silver 3050U,SSD,256GB,budget,2020 Zen+Intel Celeron,,500GB,heuristic

AMD Athlon Silver 7120U,SSD,256GB,budget,2022 MendocinoAMD A6-7310 APU,,500GB,heuristic

AMD E-450 APU,HDD,320GB,budget,2011 ZacateIntel Core i3-370M,,500GB,heuristic

AMD E1-1200 APU,HDD,320GB,budget,2012 ZacateIntel Core i5-520M,,500GB,heuristic

AMD E1-1500 APU,HDD,320GB,budget,2012 ZacateAMD 3020e,,500GB,heuristic

AMD E1-2100 APU,HDD,320GB,budget,2013 KabiniAMD Ryzen 7 1700,1TB,,heuristic

AMD E1-2500 APU,HDD,320GB,budget,2013 KabiniAMD Ryzen 7 7730U,1TB,,heuristic

AMD E1-6010 APU,HDD,500GB,budget,2014 BeemaIntel Core i7-13620H,512GB,,heuristic

AMD E1-7010 APU,HDD,500GB,budget,2015 Carrizo-LIntel Core i7-10750H,512GB,,heuristic

AMD E2-3000M APU,HDD,500GB,budget,2012 LlanoApple M1 Ultra 20 Core,1TB,,heuristic

AMD E2-7015,SSD,256GB,budget,2017 Stoney RidgeIntel Core i3-6100TE,,500GB,heuristic

AMD E2-7110 APU,HDD,500GB,budget,2015 Carrizo-LIntel Core Ultra 9 275HX,1TB,,heuristic

AMD E2-9000e,SSD,256GB,budget,2017 Stoney RidgeIntel Core i5-10400F,512GB,,heuristic

AMD FX-6100 Six-Core,HDD,1TB,mid,2011 Bulldozer desktopIntel Core i5-11260H,512GB,,heuristic

AMD PRO A10-8700B,HDD,500GB,mid,2015 Carrizo PROIntel Core Ultra 9 285HX,1TB,,heuristic

AMD PRO A10-8730B,SSD,256GB,mid,2016 Bristol Ridge PROIntel Core i5-1345U,512GB,,heuristic

AMD PRO A12-8830B,SSD,256GB,mid,2016 Bristol Ridge PROIntel Core i9-14900HX,1TB,,heuristic

AMD PRO A4-8350B,HDD,500GB,budget,2015 Carrizo PROIntel Core Ultra 9 185H,1TB,,heuristic

AMD PRO A6-8530B,SSD,256GB,budget,2016 Bristol Ridge PROIntel Core i9-13950HX,1TB,,heuristic

AMD PRO A8-8600B,HDD,500GB,mid,2015 Carrizo PROIntel Core i5-2310,,500GB,heuristic

AMD PRO A8-9600B,SSD,256GB,mid,2016 Bristol Ridge PROApple M2 Pro 12 Core 3480 MHz,1TB,,heuristic

AMD Ryzen 3 1200,SSD,256GB,budget,2017 Zen desktopIntel Core i9-12950HX,1TB,,heuristic

AMD Ryzen 3 2200U,SSD,256GB,budget,2018 Zen+ mobileAMD Ryzen AI 9 H 365,,500GB,heuristic

AMD Ryzen 3 2300U,SSD,256GB,budget,2018 Zen+ mobileIntel Core i7-8650U,512GB,,heuristic

AMD Ryzen 3 3200G,SSD,256GB,budget,2019 Zen+ APUIntel Core i9-13980HX,1TB,,heuristic

AMD Ryzen 3 3200U,SSD,256GB,budget,2019 Zen+ mobileAMD Ryzen 9 9950X,1TB,,heuristic

AMD Ryzen 3 3250U,SSD,256GB,budget,2020 Zen+ mobileAMD Ryzen 9 7945HX,1TB,,heuristic

AMD Ryzen 3 3300U,SSD,256GB,budget,2019 Zen+ mobileIntel Core i5-4570TE,,500GB,heuristic

AMD Ryzen 3 3350U,SSD,256GB,budget,2021 Zen+ mobileIntel Core i9-13900HX,1TB,,heuristic

AMD Ryzen 3 4300U,SSD,256GB,budget,2020 Zen2 mobileIntel Core i7-1185G7,512GB,,heuristic

AMD Ryzen 3 5300G,SSD,256GB,budget,2021 Zen3 APUAMD Ryzen 5 3400G,512GB,,heuristic

AMD Ryzen 3 5300U,SSD,256GB,budget,2021 Zen2 mobileIntel Core i9-11950H,1TB,,heuristic

AMD Ryzen 3 5400U,SSD,256GB,budget,2021 Zen2 mobileIntel Core i9-12900HK,1TB,,heuristic

AMD Ryzen 3 5425U,SSD,256GB,budget,2022 Zen3 mobileIntel Core i7-7500U,512GB,,heuristic

AMD Ryzen 3 7320U,SSD,256GB,budget,2022 MendocinoIntel Core i5-4310U,,500GB,heuristic

AMD Ryzen 3 7330U,SSD,256GB,budget,2023 Zen3 refreshIntel Core i9-12900H,1TB,,heuristic

AMD Ryzen 3 7440U,SSD,512GB,mid,2023 Zen4 mobileIntel Core i9-10885H,1TB,,heuristic

AMD Ryzen 3 PRO 1300,SSD,256GB,budget,2017 Zen desktop PROIntel Core Ultra 7 255HX,1TB,,heuristic

AMD Ryzen 3 PRO 2300U,SSD,256GB,budget,2018 Zen+ mobile PROIntel Core i9-13900HK,1TB,,heuristic

AMD Ryzen 3 PRO 3200G,SSD,256GB,budget,2019 Zen+ APU PROAMD Ryzen 5 2500U,512GB,,heuristic

AMD Ryzen 3 PRO 3300U,SSD,256GB,budget,2019 Zen+ mobile PROIntel Core Ultra 7 155U,1TB,,heuristic

AMD Ryzen 3 PRO 4450U,SSD,256GB,budget,2020 Zen2 mobile PROIntel Core Ultra 7 155H,1TB,,heuristic

AMD Ryzen 3 PRO 5450U,SSD,256GB,budget,2021 Zen2 mobile PROIntel Core i7-1260U,512GB,,heuristic

AMD Ryzen 5 1400,SSD,512GB,mid,2017 Zen desktopIntel Core i7-6500U,512GB,,heuristic

AMD Ryzen 5 1600X,SSD,512GB,mid,2017 Zen desktopIntel Celeron 420,,500GB,heuristic

AMD Ryzen 5 2400G,SSD,512GB,mid,2018 Zen+ APUAMD Ryzen 9 5900HX,1TB,,heuristic

AMD Ryzen 5 2500U,SSD,512GB,mid,2017 Zen mobileIntel Core i7-10875H,512GB,,heuristic

AMD Ryzen 5 2600,SSD,512GB,mid,2018 Zen+ desktopIntel Core i7-1355U,512GB,,heuristic

AMD Ryzen 5 3400G,SSD,512GB,mid,2019 Zen+ APUIntel Core i7-1065G7,512GB,,heuristic

AMD Ryzen 5 3450U,SSD,512GB,mid,2019 Zen+ mobileIntel Core i7-13800H,512GB,,heuristic

AMD Ryzen 5 3500,SSD,512GB,mid,2019 Zen2 desktopQualcomm Snapdragon X Elite X1E-78-100,1TB,,heuristic

AMD Ryzen 5 3500U,SSD,512GB,mid,2019 Zen+ mobileAMD Ryzen 7 7445HS,1TB,,heuristic

AMD Ryzen 5 3500X,SSD,512GB,mid,2019 Zen2 desktopIntel Core i7-4785T,,500GB,heuristic

AMD Ryzen 5 3550H,SSD,512GB,mid,2019 Zen+ mobile HAMD Ryzen AI 9 HX 470,,500GB,heuristic

AMD Ryzen 5 3600,SSD,512GB,mid,2019 Zen2 desktopAMD Ryzen 9 5980HX,1TB,,heuristic

AMD Ryzen 5 4500,SSD,512GB,mid,2022 Zen2 desktopIntel Core i9-9880H,1TB,,heuristic

AMD Ryzen 5 4500U,SSD,512GB,mid,2020 Zen2 mobileIntel Core i7-1255U,512GB,,heuristic

AMD Ryzen 5 4600H,SSD,512GB,mid,2020 Zen2 mobile HIntel Core i9-14900T,1TB,,heuristic

AMD Ryzen 5 4600U,SSD,512GB,mid,2020 Zen2 mobileIntel Core i7-12800H,512GB,,heuristic

AMD Ryzen 5 5500,SSD,512GB,mid,2022 Zen3 desktopIntel Core Ultra 7 165U,1TB,,heuristic

AMD Ryzen 5 5500H,SSD,512GB,mid,2021 Zen3 mobile HIntel Core i7-12650H,512GB,,heuristic

AMD Ryzen 5 5500U,SSD,512GB,mid,2021 Zen2 mobileIntel Core i7-14700HX,512GB,,heuristic

AMD Ryzen 5 5560U,SSD,512GB,mid,2021 Zen3 mobileIntel Core i9-10850K,1TB,,heuristic

AMD Ryzen 5 5600,SSD,512GB,mid,2022 Zen3 desktopIntel Core i7-2600S,,500GB,heuristic

AMD Ryzen 5 5600G,SSD,512GB,mid,2021 Zen3 APUAMD Ryzen 7 5800H,1TB,,heuristic

AMD Ryzen 5 5600H,SSD,512GB,mid,2021 Zen3 mobile HIntel Core i7-1365U,512GB,,heuristic

AMD Ryzen 5 5600U,SSD,512GB,mid,2021 Zen3 mobileAMD Ryzen 9 8945HX,1TB,,heuristic

AMD Ryzen 5 5625U,SSD,512GB,mid,2022 Zen3 mobileIntel Core i7-13700H,512GB,,heuristic

AMD Ryzen 5 6600H,SSD,512GB,mid,2022 Zen3+ mobile HIntel Core i7-11850H,512GB,,heuristic

AMD Ryzen 5 6600U,SSD,512GB,mid,2022 Zen3+ mobileIntel Xeon E-2276M,512GB,,heuristic

AMD Ryzen 5 7400,SSD,512GB,mid,2024 Zen4 desktopIntel Core i5-14600KF,512GB,,heuristic

AMD Ryzen 5 7430U,SSD,512GB,mid,2023 Zen3 refreshAMD Ryzen 9 7940H,1TB,,heuristic

AMD Ryzen 5 7500F,SSD,512GB,mid,2023 Zen4 desktopIntel Core i7-13850HX,512GB,,heuristic

AMD Ryzen 5 7520U,SSD,512GB,mid,2022 MendocinoIntel Core i7-9750H,512GB,,heuristic

AMD Ryzen 5 7530U,SSD,512GB,mid,2023 Zen3 refreshIntel Core i5-6500TE,512GB,,heuristic

AMD Ryzen 5 7535H,SSD,512GB,mid,2023 Zen3+ mobile HIntel Core i9-11900H,1TB,,heuristic

AMD Ryzen 5 7535HS,SSD,512GB,mid,2023 Zen3+ mobile HSIntel Core i7-11700T,512GB,,heuristic

AMD Ryzen 5 7535U,SSD,512GB,mid,2023 Zen3+ mobileIntel Core i7-14650HX,512GB,,heuristic

AMD Ryzen 5 7540U,SSD,512GB,mid,2023 Zen4 mobileAMD Ryzen 9 7845HX,1TB,,heuristic

AMD Ryzen 5 7600X,SSD,512GB,mid,2022 Zen4 desktopAMD Ryzen 9 7940HS,1TB,,heuristic

AMD Ryzen 5 7640HS,SSD,512GB,mid,2023 Zen4 mobile HSAMD Ryzen 9 6900HX,1TB,,heuristic

AMD Ryzen 5 7645HX,SSD,512GB,mid,2023 Zen4 mobile HXIntel Core i7-13650HX,512GB,,heuristic

AMD Ryzen 5 PRO 3500U,SSD,512GB,mid,2019 Zen+ mobile PROIntel Core i7-1360P,512GB,,heuristic

AMD Ryzen 5 PRO 4650G,SSD,512GB,mid,2020 Zen2 APU PROIntel Core i7-9750HF,512GB,,heuristic

AMD Ryzen 5 PRO 4650U,SSD,512GB,mid,2020 Zen2 mobile PROIntel Core i7-13700,512GB,,heuristic

AMD Ryzen 5 PRO 5650U,SSD,512GB,mid,2021 Zen3 mobile PROIntel Core Ultra 7 165H,1TB,,heuristic

AMD Ryzen 5 PRO 5675U,SSD,512GB,mid,2022 Zen3 mobile PROIntel Core i7-4510U,,500GB,heuristic

AMD Ryzen 5 PRO 6650U,SSD,512GB,mid,2022 Zen3+ mobile PROIntel Core i7-11370H,512GB,,heuristic

AMD Ryzen 5 PRO 7530U,SSD,512GB,mid,2023 Zen3 mobile PROAMD Ryzen 7 6800H,1TB,,heuristic

AMD Ryzen 5 PRO 7540U,SSD,512GB,mid,2023 Zen4 mobile PROAMD Ryzen 7 8745H,1TB,,heuristic

AMD Ryzen 5 Pro 7535U,SSD,512GB,mid,2023 Zen3+ mobile PROIntel Core Ultra 5 115U,1TB,,heuristic

AMD Ryzen 7 1700,SSD,1TB,high,2017 Zen desktopIntel Core i7-12850HX,512GB,,heuristic

AMD Ryzen 7 250,SSD,512GB,mid,Unknown variantIntel Core Ultra 7 256V,1TB,,heuristic

AMD Ryzen 7 2700U,SSD,512GB,mid,2018 Zen+ mobileAMD Ryzen 7 7745HX,1TB,,heuristic

AMD Ryzen 7 3700U,SSD,512GB,mid,2019 Zen+ mobileIntel Core Ultra 7 265,1TB,,heuristic

AMD Ryzen 7 3750H,SSD,512GB,mid,2019 Zen+ mobile HIntel Core i9-13905H,1TB,,heuristic

AMD Ryzen 7 4700U,SSD,512GB,mid,2020 Zen2 mobileAMD Ryzen 7 7735HS,1TB,,heuristic

AMD Ryzen 7 4800H,SSD,1TB,high,2020 Zen2 mobile HIntel Core Ultra 7 258V,1TB,,heuristic

AMD Ryzen 7 4800HS,SSD,1TB,high,2020 Zen2 mobile HSAMD Ryzen 7 7735H,1TB,,heuristic

AMD Ryzen 7 4980U Microsoft Surface Edition,SSD,1TB,high,2020 Zen2 SurfaceIntel Core i7-8850H,512GB,,heuristic

AMD Ryzen 7 5700U,SSD,512GB,mid,2021 Zen2 mobileIntel Core i7-13700TE,512GB,,heuristic

AMD Ryzen 7 5800H,SSD,1TB,high,2021 Zen3 mobile HIntel Core i7-14700T,512GB,,heuristic

AMD Ryzen 7 5800HS,SSD,1TB,high,2021 Zen3 mobile HSIntel Core i7-1195G7,512GB,,heuristic

AMD Ryzen 7 5800U,SSD,512GB,mid,2021 Zen3 mobileQualcomm Snapdragon X Elite X1E-80-100,1TB,,heuristic

AMD Ryzen 7 5800X,SSD,1TB,high,2020 Zen3 desktopIntel Core i9-12900HX,1TB,,heuristic

AMD Ryzen 7 5825U,SSD,512GB,mid,2022 Zen3 mobileAMD Ryzen 7 7840HS,1TB,,heuristic

AMD Ryzen 7 6800H,SSD,1TB,high,2022 Zen3+ mobile HIntel Core i5-1335U,512GB,,heuristic

AMD Ryzen 7 6800HS,SSD,1TB,high,2022 Zen3+ mobile HSIntel Core i7-1250U,512GB,,heuristic

AMD Ryzen 7 6800U,SSD,512GB,mid,2022 Zen3+ mobileIntel Core i7-12800HX,512GB,,heuristic

AMD Ryzen 7 7445HS,SSD,1TB,high,2024 Zen4 mobile HSIntel Core i7-7820HQ,512GB,,heuristic

AMD Ryzen 7 7730U,SSD,512GB,mid,2023 Zen3 refreshIntel Core i5-12450HX,512GB,,heuristic

AMD Ryzen 7 7735H,SSD,1TB,high,2023 Zen3+ mobile HIntel Core i7-14700,512GB,,heuristic

AMD Ryzen 7 7735HS,SSD,1TB,high,2023 Zen3+ mobile HSIntel Core i7-7920HQ,512GB,,heuristic

AMD Ryzen 7 7735U,SSD,512GB,mid,2023 Zen3+ mobileAMD Ryzen 7 4800HS,1TB,,heuristic

AMD Ryzen 7 7745HX,SSD,1TB,high,2023 Zen4 mobile HXIntel Core i7-10610U,512GB,,heuristic

AMD Ryzen 7 7840H,SSD,1TB,high,2023 Zen4 mobile HIntel Core i7-10850H,512GB,,heuristic

AMD Ryzen 7 7840HS,SSD,1TB,high,2023 Zen4 mobile HSIntel Core i7-8750H,512GB,,heuristic

AMD Ryzen 7 7840U,SSD,512GB,mid,2023 Zen4 mobileAMD Ryzen 9 5900HS,1TB,,heuristic

AMD Ryzen 7 8745H,SSD,1TB,high,2024 Zen4 mobile HIntel Core i5-13500HX,512GB,,heuristic

AMD Ryzen 7 Extreme Edition,SSD,1TB,high,2020 Zen2 customAMD Sempron 3100+,,500GB,heuristic

AMD Ryzen 7 PRO 1700,SSD,512GB,mid,2017 Zen desktop PROIntel Core i7-1370P,512GB,,heuristic

AMD Ryzen 7 PRO 3700,SSD,512GB,mid,2019 Zen+ desktop PROIntel Core i5-13600HX,512GB,,heuristic

AMD Ryzen 7 PRO 4750GE,SSD,512GB,mid,2020 Zen2 APU PROIntel Core i5-12500H,512GB,,heuristic

AMD Ryzen 7 PRO 4750U,SSD,512GB,mid,2020 Zen2 mobile PROIntel Core Ultra 5 125H,1TB,,heuristic

AMD Ryzen 7 PRO 5850U,SSD,512GB,mid,2021 Zen3 mobile PROIntel Core i7-1260P,512GB,,heuristic

AMD Ryzen 7 PRO 5875U,SSD,512GB,mid,2022 Zen3 mobile PROIntel Core Ultra 5 125U,1TB,,heuristic

AMD Ryzen 7 PRO 6850HS,SSD,1TB,high,2022 Zen3+ mobile PROIntel Core i3-4010U,,500GB,heuristic

AMD Ryzen 7 PRO 6850U,SSD,512GB,mid,2022 Zen3+ mobile PROAMD Ryzen 5 5600H,512GB,,heuristic

AMD Ryzen 7 PRO 7840U,SSD,512GB,mid,2023 Zen4 mobile PROIntel Core i7-4770TE,,500GB,heuristic

AMD Ryzen 7 PRO 8840H,SSD,1TB,high,2024 Zen4 mobile PROIntel Core i5-1035G4,512GB,,heuristic

AMD Ryzen 7 Pro 7735U,SSD,512GB,mid,2023 Zen3+ mobile PROIntel Core i7-12700,512GB,,heuristic

AMD Ryzen 9 3900,SSD,1TB,high,2019 Zen2 desktopAMD Ryzen 7 PRO 7840U,1TB,,heuristic

AMD Ryzen 9 4900H,SSD,1TB,high,2020 Zen2 mobile HAMD Ryzen 7 7840U,1TB,,heuristic

AMD Ryzen 9 4900HS,SSD,1TB,high,2020 Zen2 mobile HSIntel Core i7-9850H,512GB,,heuristic

AMD Ryzen 9 5900,SSD,1TB,high,2022 Zen3 desktopIntel Core i5-13500H,512GB,,heuristic

AMD Ryzen 9 5900H,SSD,1TB,high,2021 Zen3 mobile HIntel Core i7-11390H,512GB,,heuristic

AMD Ryzen 9 5900HS,SSD,1TB,high,2021 Zen3 mobile HSAMD Ryzen 7 7840H,1TB,,heuristic

AMD Ryzen 9 5900HX,SSD,1TB,high,2021 Zen3 mobile HXIntel Core i5-8279U,512GB,,heuristic

AMD Ryzen 9 5980HX,SSD,1TB,high,2021 Zen3 mobile HXIntel Core i5-12450H,512GB,,heuristic

AMD Ryzen 9 6900HS,SSD,1TB,high,2022 Zen3+ mobile HSIntel Core i5-13420H,512GB,,heuristic

AMD Ryzen 9 6900HX,SSD,1TB,high,2022 Zen3+ mobile HXIntel Core Ultra 5 135U,1TB,,heuristic

AMD Ryzen 9 7845HX,SSD,1TB,high,2023 Zen4 mobile HXIntel Core i5-8400H,512GB,,heuristic

AMD Ryzen 9 7940H,SSD,1TB,high,2023 Zen4 mobile HAMD Ryzen 7 4800H,1TB,,heuristic

AMD Ryzen 9 7940HS,SSD,1TB,high,2023 Zen4 mobile HSIntel Core i5-10400H,512GB,,heuristic

AMD Ryzen 9 7945HX,SSD,1TB,high,2023 Zen4 mobile HXAMD Ryzen 5 7645HX,512GB,,heuristic

AMD Ryzen 9 8945HX,SSD,1TB,high,2024 Zen4 mobile HXQualcomm Snapdragon X Plus X1P-64-100,1TB,,heuristic

AMD Ryzen 9 9950X,SSD,1TB,high,2024 Zen5 desktopIntel Core i7-10870H,512GB,,heuristic

AMD Ryzen 9 PRO 6950HS,SSD,1TB,high,2022 Zen3+ mobile PROIntel Core i5-8259U,512GB,,heuristic

AMD Ryzen AI 7 350,SSD,512GB,mid,2024 Zen4 AI mobileIntel Xeon W-3175X,512GB,,heuristic

AMD Ryzen AI 9 H 365,SSD,1TB,high,2024 Zen4 AI mobileIntel Xeon E-2186M,512GB,,heuristic

AMD Ryzen AI 9 HX 470,SSD,1TB,high,2024 Zen5 AI mobileIntel Core i7-11700,512GB,,heuristic

AMD Sempron 3100+,HDD,40GB,budget,2004 K8Intel Core Ultra 7 265H,1TB,,heuristic

AMD Sempron LE-1300,HDD,160GB,budget,2008 K8AMD Ryzen 5 5500U,512GB,,heuristic

AMD Turion X2 Dual Core L510,HDD,250GB,budget,2008 K8Intel Core i7-4980HQ,,500GB,heuristic

AMD V120,HDD,320GB,budget,2010 K10AMD Ryzen 9 5900H,1TB,,heuristic

Apple M1 Ultra 20 Core,SSD,1TB,high,2022 Apple SiliconAMD Ryzen 5 7535HS,512GB,,heuristic

Apple M2 Max 12 Core 3680 MHz,SSD,1TB,high,2023 Apple SiliconAMD Ryzen 5 7535H,512GB,,heuristic

Apple M2 Pro 12 Core 3480 MHz,SSD,512GB,high,2023 Apple SiliconIntel Core i7-6770HQ,512GB,,heuristic

Intel 300,SSD,256GB,budget,2024 Alder Lake budgetIntel Core Ultra 7 266V,1TB,,heuristic

Intel Atom 230,HDD,160GB,budget,2008 DiamondvilleIntel Core i7-1280P,512GB,,heuristic

Intel Atom 330,HDD,160GB,budget,2008 DiamondvilleIntel Core i5-2300,,500GB,heuristic

Intel Atom D410,HDD,250GB,budget,2010 PineviewIntel Core 7 150U,,500GB,heuristic

Intel Atom N2600,HDD,320GB,budget,2011 CedarviewAMD Ryzen 7 5700U,1TB,,heuristic

Intel Atom N270,HDD,160GB,budget,2008 DiamondvilleAMD Ryzen 5 7640HS,512GB,,heuristic

Intel Atom N450,HDD,250GB,budget,2010 PineviewIntel Core i9-10880H,1TB,,heuristic

Intel Atom N455,HDD,250GB,budget,2010 PineviewIntel Core i5-4210H,,500GB,heuristic

Intel Atom N570,HDD,320GB,budget,2011 PineviewAMD Ryzen 7 PRO 1700,1TB,,heuristic

Intel Atom Z3735E,HDD,32GB,budget,2014 Bay Trail eMMCAMD Ryzen 7 6800HS,1TB,,heuristic

Intel Atom Z3735F,HDD,32GB,budget,2014 Bay Trail eMMCIntel Core i5-11400H,512GB,,heuristic

Intel Atom Z3740,HDD,32GB,budget,2013 Bay Trail eMMCIntel Core Ultra 5 235U,1TB,,heuristic

Intel Atom Z3795,HDD,64GB,budget,2014 Bay Trail eMMCAMD Ryzen 7 5800X,1TB,,heuristic

Intel Atom Z520,HDD,80GB,budget,2008 SilverthorneIntel Core i7-4790T,,500GB,heuristic

Intel Atom x5-E8000,SSD,64GB,budget,2016 Cherry Trail eMMCIntel Core i5-13600H,512GB,,heuristic

Intel Atom x5-Z8330,SSD,64GB,budget,2016 Cherry Trail eMMCIntel Core i7-8700,512GB,,heuristic

Intel Atom x5-Z8350,SSD,64GB,budget,2016 Cherry Trail eMMCIntel Core i5-13600,512GB,,heuristic

Intel Atom x5-Z8500,SSD,64GB,budget,2015 Cherry Trail eMMCAMD Ryzen 7 7735U,1TB,,heuristic

Intel Celeron,HDD,500GB,budget,Generic CeleronAMD Ryzen 5 7600X,512GB,,heuristic

Intel Celeron 420,HDD,160GB,budget,2007 Conroe-LIntel Core i9-9900K,1TB,,heuristic

Intel Core 3 100U,SSD,256GB,budget,2024 Raptor Lake refreshAMD Ryzen 5 4600U,512GB,,heuristic

Intel Core 5 120,SSD,512GB,mid,2024 Raptor Lake refreshIntel Core i7-4870HQ,,500GB,heuristic

Intel Core 7 150U,SSD,512GB,mid,2024 Raptor Lake refreshIntel Core i5-7267U,512GB,,heuristic

Intel Core 7 250H,SSD,1TB,high,2025 Arrow LakeAMD Ryzen 9 4900H,1TB,,heuristic

Intel Core Duo L2300,HDD,80GB,budget,2006 YonahIntel Core i5-13450HX,512GB,,heuristic

Intel Core Duo T2050,HDD,80GB,budget,2006 YonahIntel Core i7-1160G7,512GB,,heuristic

Intel Core Duo T2500,HDD,80GB,mid,2006 YonahIntel Core i5-1035G1,512GB,,heuristic

Intel Core M-5Y71,SSD,256GB,mid,2014 Broadwell-YAMD Ryzen 9 6900HS,1TB,,heuristic

Intel Core Ultra 5 115U,SSD,512GB,mid,2024 Meteor LakeIntel Core i5-12400T,512GB,,heuristic

Intel Core Ultra 5 125H,SSD,512GB,mid,2024 Meteor LakeIntel Core Ultra 5 135H,1TB,,heuristic

Intel Core Ultra 5 125U,SSD,512GB,mid,2024 Meteor LakeIntel Core i5-9300H,512GB,,heuristic

Intel Core Ultra 5 134U,SSD,512GB,mid,2024 Meteor LakeAMD Ryzen 7 6800U,1TB,,heuristic

Intel Core Ultra 5 135H,SSD,512GB,mid,2024 Meteor LakeAMD Ryzen 5 4600H,512GB,,heuristic

Intel Core Ultra 5 135U,SSD,512GB,mid,2024 Meteor LakeAMD Ryzen 7 Extreme Edition,1TB,,heuristic

Intel Core Ultra 5 225,SSD,512GB,mid,2025 Lunar LakeIntel Core i7-8565U,512GB,,heuristic

Intel Core Ultra 5 235U,SSD,512GB,mid,2025 Lunar LakeIntel Core i5-1340P,512GB,,heuristic

Intel Core Ultra 7 155H,SSD,1TB,high,2024 Meteor LakeIntel Core i5-11300H,512GB,,heuristic

Intel Core Ultra 7 155U,SSD,512GB,mid,2024 Meteor LakeAMD Ryzen 7 PRO 6850HS,1TB,,heuristic

Intel Core Ultra 7 164U,SSD,512GB,mid,2024 Meteor LakeAMD Ryzen 5 6600H,512GB,,heuristic

Intel Core Ultra 7 165H,SSD,1TB,high,2024 Meteor LakeIntel Core Ultra 7 164U,1TB,,heuristic

Intel Core Ultra 7 165U,SSD,512GB,mid,2024 Meteor LakeIntel Core i7-6700HQ,512GB,,heuristic

Intel Core Ultra 7 255HX,SSD,1TB,high,2025 Arrow LakeIntel Core i5-3337U,,500GB,heuristic

Intel Core Ultra 7 256V,SSD,1TB,high,2024 Lunar LakeAMD Ryzen 9 5900,1TB,,heuristic

Intel Core Ultra 7 258V,SSD,1TB,high,2024 Lunar LakeAMD Ryzen 9 4900HS,1TB,,heuristic

Intel Core Ultra 7 265,SSD,1TB,high,2025 Lunar LakeAMD Ryzen 9 3900,1TB,,heuristic

Intel Core Ultra 7 265H,SSD,1TB,high,2025 Lunar LakeIntel Core i5-1350P,512GB,,heuristic

Intel Core Ultra 7 266V,SSD,1TB,high,2024 Lunar LakeIntel Core i5-8210Y,512GB,,heuristic

Intel Core Ultra 9 185H,SSD,1TB,high,2024 Meteor LakeAMD Ryzen 7 Pro 7735U,1TB,,heuristic

Intel Core Ultra 9 275HX,SSD,1TB,high,2025 Arrow LakeAMD Ryzen 5 7535U,512GB,,heuristic

Intel Core Ultra 9 285HX,SSD,1TB,high,2025 Arrow LakeIntel Core i9-8950HK,1TB,,heuristic

Intel Core i3-1000NG4,SSD,256GB,budget,2020 Ice Lake MacBookIntel Core i7-7820HK,512GB,,heuristic

Intel Core i3-1005G1,SSD,256GB,budget,2019 Ice LakeIntel Core i5-8300H,512GB,,heuristic

Intel Core i3-10100T,SSD,256GB,budget,2020 Comet LakeAMD Ryzen 5 7540U,512GB,,heuristic

Intel Core i3-10110U,SSD,256GB,budget,2019 Comet LakeAMD Ryzen 5 2600,512GB,,heuristic

Intel Core i3-1025G1,SSD,256GB,budget,2020 Ice LakeIntel Core i7-8550U,512GB,,heuristic

Intel Core i3-11100B,SSD,256GB,budget,2021 Tiger Lake BIntel Core i5-1334U,512GB,,heuristic

Intel Core i3-1115G4,SSD,256GB,budget,2020 Tiger LakeIntel Core i9-9980HK,1TB,,heuristic

Intel Core i3-1125G4,SSD,256GB,budget,2021 Tiger LakeIntel Core i7-6600U,512GB,,heuristic

Intel Core i3-1210U,SSD,256GB,budget,2022 Alder LakeAMD Ryzen 5 1400,512GB,,heuristic

Intel Core i3-1215U,SSD,256GB,budget,2022 Alder LakeIntel Core i5-1155G7,512GB,,heuristic

Intel Core i3-1220P,SSD,512GB,mid,2022 Alder Lake PIntel Core i7-10700TE,512GB,,heuristic

Intel Core i3-1305U,SSD,256GB,budget,2023 Raptor LakeAMD Ryzen 7 5800U,1TB,,heuristic

Intel Core i3-1315U,SSD,256GB,budget,2023 Raptor LakeIntel Core i5-1240U,512GB,,heuristic

Intel Core i3-2100,HDD,500GB,budget,2011 Sandy BridgeIntel Core i5-9300HF,512GB,,heuristic

Intel Core i3-2100T,HDD,500GB,budget,2011 Sandy BridgeAMD Ryzen 7 3750H,1TB,,heuristic

Intel Core i3-2120,HDD,500GB,budget,2011 Sandy BridgeIntel Core i7-11600H,512GB,,heuristic

Intel Core i3-2120T,HDD,500GB,budget,2011 Sandy BridgeAMD Ryzen 7 PRO 6850U,1TB,,heuristic

Intel Core i3-2125,HDD,500GB,budget,2011 Sandy BridgeAMD Ryzen 5 7530U,512GB,,heuristic

Intel Core i3-2130,HDD,500GB,budget,2012 Sandy BridgeAMD Ryzen 5 6600U,512GB,,heuristic

Intel Core i3-2310E,HDD,500GB,budget,2011 Sandy BridgeIntel Core i7-6820HQ,512GB,,heuristic

Intel Core i3-2310M,HDD,500GB,budget,2011 Sandy BridgeIntel Core i7-1270P,512GB,,heuristic

Intel Core i3-2312M,HDD,500GB,budget,2011 Sandy BridgeAMD Ryzen 5 3550H,512GB,,heuristic

Intel Core i3-2328M,HDD,500GB,budget,2012 Sandy BridgeIntel Core i5-11400F,512GB,,heuristic

Intel Core i3-2330M,HDD,500GB,budget,2011 Sandy BridgeAMD Ryzen 5 PRO 6650U,512GB,,heuristic

Intel Core i3-2348M,HDD,500GB,budget,2012 Sandy BridgeIntel Core i5-10500H,512GB,,heuristic

Intel Core i3-2350M,HDD,500GB,budget,2011 Sandy BridgeIntel Core i7-4770HQ,,500GB,heuristic

Intel Core i3-2365M,HDD,500GB,budget,2012 Sandy BridgeIntel Core i5-2500,,500GB,heuristic

Intel Core i3-2370M,HDD,500GB,budget,2012 Sandy BridgeIntel Core i5-1250P,512GB,,heuristic

Intel Core i3-2375M,HDD,500GB,budget,2013 Sandy BridgeIntel Core i7-2630QM,,500GB,heuristic

Intel Core i3-3110M,HDD,500GB,budget,2012 Ivy BridgeIntel Core i7-8665U,512GB,,heuristic

Intel Core i3-3120M,HDD,500GB,budget,2012 Ivy BridgeIntel Xeon E-2176M,512GB,,heuristic

Intel Core i3-3130M,HDD,500GB,budget,2013 Ivy BridgeIntel Core i5-8265U,512GB,,heuristic

Intel Core i3-3217U,HDD,500GB,budget,2012 Ivy BridgeIntel Core i3-330E,,500GB,heuristic

Intel Core i3-3220,HDD,500GB,budget,2012 Ivy BridgeIntel Core i5-10310U,512GB,,heuristic

Intel Core i3-3250,HDD,500GB,budget,2013 Ivy BridgeIntel Core i5-7360U,512GB,,heuristic

Intel Core i3-3250T,HDD,500GB,budget,2013 Ivy BridgeAMD Ryzen 7 PRO 8840H,1TB,,heuristic

Intel Core i3-330E,HDD,320GB,budget,2010 ArrandaleIntel Core i7-1068NG7,512GB,,heuristic

Intel Core i3-330M,HDD,320GB,budget,2010 ArrandaleIntel Core 5 120,,500GB,heuristic

Intel Core i3-350M,HDD,320GB,budget,2010 ArrandaleAMD Ryzen 5 5600U,512GB,,heuristic

Intel Core i3-370M,HDD,320GB,budget,2010 ArrandaleIntel Core i5-11500H,512GB,,heuristic

Intel Core i3-380M,HDD,320GB,budget,2010 ArrandaleIntel Core Ultra 5 225,1TB,,heuristic

Intel Core i3-4000M,HDD,500GB,budget,2013 HaswellIntel Core i3-8100,,500GB,heuristic

Intel Core i3-4005U,HDD,500GB,budget,2013 HaswellIntel Core i5-8257U,512GB,,heuristic

Intel Core i3-4010U,HDD,500GB,budget,2013 HaswellIntel Core i5-7300HQ,512GB,,heuristic

Intel Core i3-4030U,HDD,500GB,budget,2014 HaswellAMD Ryzen 5 PRO 4650U,512GB,,heuristic

Intel Core i3-4100M,HDD,500GB,budget,2013 HaswellAMD Ryzen 5 7430U,512GB,,heuristic

Intel Core i3-4130T,HDD,500GB,budget,2013 HaswellAMD Ryzen 5 3600,512GB,,heuristic

Intel Core i3-4158U,HDD,500GB,budget,2013 HaswellIntel Core i5-11320H,512GB,,heuristic

Intel Core i3-4170,HDD,500GB,budget,2015 HaswellIntel Core i7-5500U,,500GB,heuristic

Intel Core i3-4330TE,HDD,500GB,budget,2013 HaswellIntel Core i7-2637M,,500GB,heuristic

Intel Core i3-4340,HDD,500GB,budget,2014 HaswellIntel Core i3-3110M,,500GB,heuristic

Intel Core i3-5005U,HDD,500GB,budget,2015 BroadwellIntel Core i5-1240P,512GB,,heuristic

Intel Core i3-5010U,HDD,500GB,budget,2015 BroadwellAMD Ryzen 7 5825U,1TB,,heuristic

Intel Core i3-5020U,HDD,500GB,budget,2015 BroadwellAMD Ryzen 7 PRO 5850U,1TB,,heuristic

Intel Core i3-540,HDD,320GB,budget,2010 ClarkdaleIntel Core i3-2365M,,500GB,heuristic

Intel Core i3-6006U,SSD,256GB,budget,2016 SkylakeIntel Core i5-1038NG7,512GB,,heuristic

Intel Core i3-6100,SSD,256GB,budget,2015 SkylakeAMD Ryzen 9 PRO 6950HS,1TB,,heuristic

Intel Core i3-6100H,SSD,256GB,budget,2015 SkylakeIntel Core Ultra 5 134U,1TB,,heuristic

Intel Core i3-6100TE,SSD,256GB,budget,2015 SkylakeIntel Core i7-5775C,,500GB,heuristic

Intel Core i3-6100U,SSD,256GB,budget,2015 SkylakeIntel Core i7-5650U,,500GB,heuristic

Intel Core i3-6300,SSD,256GB,budget,2015 SkylakeIntel Core i7-4712HQ,,500GB,heuristic

Intel Core i3-7020U,SSD,256GB,budget,2017 Kaby LakeIntel Core i5-6300HQ,512GB,,heuristic

Intel Core i3-7100,SSD,256GB,budget,2017 Kaby LakeIntel Core i3-1000NG4,,500GB,heuristic

Intel Core i3-7100U,SSD,256GB,budget,2016 Kaby LakeIntel Core i7-7600U,512GB,,heuristic

Intel Core i3-7101TE,SSD,256GB,budget,2017 Kaby LakeIntel Core i5-1130G7,512GB,,heuristic

Intel Core i3-7130U,SSD,256GB,budget,2017 Kaby LakeAMD Ryzen 3 3250U,,500GB,heuristic

Intel Core i3-7300,SSD,256GB,budget,2017 Kaby LakeIntel Core i7-1060NG7,512GB,,heuristic

Intel Core i3-8100,SSD,256GB,budget,2018 Coffee LakeAMD Ryzen 7 4980U Microsoft Surface Edition,1TB,,heuristic

Intel Core i3-8100B,SSD,256GB,budget,2018 Coffee LakeAMD Ryzen 7 PRO 3700,1TB,,heuristic

Intel Core i3-8100T,SSD,256GB,budget,2018 Coffee LakeIntel Core i5-10200H,512GB,,heuristic

Intel Core i3-8109U,SSD,256GB,budget,2018 Coffee LakeAMD Ryzen 7 2700U,1TB,,heuristic

Intel Core i3-8130U,SSD,256GB,budget,2018 Kaby Lake RAMD Ryzen 5 3500U,512GB,,heuristic

Intel Core i3-8145U,SSD,256GB,budget,2018 Whiskey LakeIntel Core i5-12500,512GB,,heuristic

Intel Core i3-8300,SSD,256GB,budget,2018 Coffee LakeIntel Core i3-1315U,,500GB,heuristic

Intel Core i3-9100TE,SSD,256GB,budget,2019 Coffee Lake RIntel Core i5-1035G7,512GB,,heuristic

Intel Core i3-N300,SSD,256GB,budget,2023 Alder Lake-NIntel Core i3-1215U,,500GB,heuristic

Intel Core i5 750S,HDD,500GB,mid,2009 LynnfieldAMD Ryzen 7 3700U,1TB,,heuristic

Intel Core i5 E 520,HDD,320GB,mid,2010 ArrandaleIntel Core i5-7Y54,512GB,,heuristic

Intel Core i5-10200H,SSD,512GB,mid,2020 Comet LakeIntel Core i7-8709G,512GB,,heuristic

Intel Core i5-10210U,SSD,512GB,mid,2019 Comet LakeIntel Core i7-4722HQ,,500GB,heuristic

Intel Core i5-10210Y,SSD,256GB,mid,2019 Amber LakeAMD Ryzen 7 4700U,1TB,,heuristic

Intel Core i5-1030NG7,SSD,512GB,mid,2020 Ice Lake MacBookAMD Ryzen 5 7500F,512GB,,heuristic

Intel Core i5-10310U,SSD,512GB,mid,2020 Comet LakeAMD Ryzen 5 5600,512GB,,heuristic

Intel Core i5-1035G1,SSD,512GB,mid,2019 Ice LakeAMD Ryzen 5 5500H,512GB,,heuristic

Intel Core i5-1035G4,SSD,512GB,mid,2019 Ice LakeIntel Core i5-9500TE,512GB,,heuristic

Intel Core i5-1035G7,SSD,512GB,mid,2019 Ice LakeIntel Core 3 100U,,500GB,heuristic

Intel Core i5-1038NG7,SSD,512GB,mid,2020 Ice Lake MacBookAMD Ryzen 5 3500,512GB,,heuristic

Intel Core i5-10400,SSD,512GB,mid,2020 Comet LakeIntel Core i3-1115G4,,500GB,heuristic

Intel Core i5-10400F,SSD,512GB,mid,2020 Comet LakeIntel Core i7-10710U,512GB,,heuristic

Intel Core i5-10400H,SSD,512GB,mid,2020 Comet LakeAMD Ryzen 5 PRO 5675U,512GB,,heuristic

Intel Core i5-10500H,SSD,512GB,mid,2020 Comet LakeAMD Ryzen 7 PRO 5875U,1TB,,heuristic

Intel Core i5-11260H,SSD,512GB,mid,2021 Tiger LakeIntel Core i3-7020U,,500GB,heuristic

Intel Core i5-11300H,SSD,512GB,mid,2021 Tiger LakeIntel Core i5-4200M,,500GB,heuristic

Intel Core i5-1130G7,SSD,512GB,mid,2021 Tiger LakeIntel Core i5-7200U,512GB,,heuristic

Intel Core i5-11320H,SSD,512GB,mid,2021 Tiger LakeIntel Core i3-N300,,500GB,heuristic

Intel Core i5-1135G7,SSD,512GB,mid,2020 Tiger LakeAMD Ryzen 5 PRO 5650U,512GB,,heuristic

Intel Core i5-11400F,SSD,512GB,mid,2021 Rocket LakeAMD Ryzen 7 PRO 4750GE,1TB,,heuristic

Intel Core i5-11400H,SSD,512GB,mid,2021 Tiger LakeAMD Ryzen 5 5625U,512GB,,heuristic

Intel Core i5-1145G7,SSD,512GB,mid,2020 Tiger LakeAMD Ryzen 3 5300G,,500GB,heuristic

Intel Core i5-11500H,SSD,512GB,mid,2021 Tiger LakeIntel Core i5-7440HQ,512GB,,heuristic

Intel Core i5-1155G7,SSD,512GB,mid,2021 Tiger LakeAMD Ryzen 5 Pro 7535U,512GB,,heuristic

Intel Core i5-1230U,SSD,512GB,mid,2022 Alder LakeIntel Core i7-4710HQ,,500GB,heuristic

Intel Core i5-12400T,SSD,512GB,mid,2022 Alder LakeIntel Core i3-1005G1,,500GB,heuristic

Intel Core i5-1240P,SSD,512GB,mid,2022 Alder Lake PIntel Pentium Gold G6500,,500GB,heuristic

Intel Core i5-1240U,SSD,512GB,mid,2022 Alder LakeIntel Core i5-5350U,,500GB,heuristic

Intel Core i5-12450H,SSD,512GB,mid,2022 Alder LakeIntel Core i5-2320,,500GB,heuristic

Intel Core i5-12450HX,SSD,512GB,mid,2022 Alder Lake HXIntel Core i7-1180G7,512GB,,heuristic

Intel Core i5-12500,SSD,512GB,mid,2022 Alder LakeIntel Core i7-7700,512GB,,heuristic

Intel Core i5-12500H,SSD,512GB,mid,2022 Alder LakeIntel Core i7-4710MQ,,500GB,heuristic

Intel Core i5-12500T,SSD,512GB,mid,2022 Alder LakeAMD Ryzen 7 PRO 4750U,1TB,,heuristic

Intel Core i5-1250P,SSD,512GB,mid,2022 Alder Lake PAMD Ryzen 3 7330U,,500GB,heuristic

Intel Core i5-1334U,SSD,512GB,mid,2023 Raptor LakeIntel Core i7-7660U,512GB,,heuristic

Intel Core i5-1335U,SSD,512GB,mid,2023 Raptor LakeIntel Core i3-10110U,,500GB,heuristic

Intel Core i5-13400T,SSD,512GB,mid,2023 Raptor LakeIntel Core i7-8500Y,512GB,,heuristic

Intel Core i5-1340P,SSD,512GB,mid,2023 Raptor Lake PIntel Core i5-L16G7,512GB,,heuristic

Intel Core i5-13420H,SSD,512GB,mid,2023 Raptor LakeAMD Ryzen 5 7400,512GB,,heuristic

Intel Core i5-13450HX,SSD,512GB,mid,2023 Raptor Lake HXAMD Ryzen 3 3350U,,500GB,heuristic

Intel Core i5-1345U,SSD,512GB,mid,2023 Raptor LakeIntel Core i5-13400T,512GB,,heuristic

Intel Core i5-13500H,SSD,512GB,mid,2023 Raptor LakeIntel Core i3-7300,,500GB,heuristic

Intel Core i5-13500HX,SSD,512GB,mid,2023 Raptor Lake HXIntel Core i5-5287U,,500GB,heuristic

Intel Core i5-1350P,SSD,512GB,mid,2023 Raptor Lake PIntel Core i5-9400H,512GB,,heuristic

Intel Core i5-13600,SSD,512GB,mid,2023 Raptor LakeAMD Ryzen 3 7440U,,500GB,heuristic

Intel Core i5-13600H,SSD,512GB,mid,2023 Raptor LakeIntel Core i7-860,,500GB,heuristic

Intel Core i5-13600HX,SSD,1TB,high,2023 Raptor Lake HXIntel Core i3-1025G1,,500GB,heuristic

Intel Core i5-13600K,SSD,1TB,high,2022 Raptor LakeIntel Core i7-10810U,512GB,,heuristic

Intel Core i5-14400,SSD,512GB,mid,2024 Raptor Lake RAMD Ryzen 3 5300U,,500GB,heuristic

Intel Core i5-14500,SSD,512GB,mid,2024 Raptor Lake RIntel Core i5-1030NG7,512GB,,heuristic

Intel Core i5-14600KF,SSD,1TB,high,2023 Raptor Lake RIntel Core i5-9500,512GB,,heuristic

Intel Core i5-2300,HDD,500GB,mid,2011 Sandy BridgeIntel Core i7-3770T,,500GB,heuristic

Intel Core i5-2310,HDD,500GB,mid,2011 Sandy BridgeIntel Core i3-4130T,,500GB,heuristic

Intel Core i5-2320,HDD,500GB,mid,2011 Sandy BridgeIntel Core i3-1305U,,500GB,heuristic

Intel Core i5-2400,HDD,500GB,mid,2011 Sandy BridgeIntel Core i5-14400,512GB,,heuristic

Intel Core i5-2415M,HDD,500GB,mid,2011 Sandy BridgeIntel Core i3-11100B,,500GB,heuristic

Intel Core i5-2430M,HDD,500GB,mid,2011 Sandy BridgeIntel Core i5-5200U,,500GB,heuristic

Intel Core i5-2450M,HDD,500GB,mid,2012 Sandy BridgeIntel Core i3-7100U,,500GB,heuristic

Intel Core i5-2450P,HDD,500GB,mid,2012 Sandy BridgeIntel Core i3-1210U,,500GB,heuristic

Intel Core i5-2467M,HDD,320GB,mid,2011 Sandy Bridge ultrabookIntel Core i3-1125G4,,500GB,heuristic

Intel Core i5-2500,HDD,500GB,mid,2011 Sandy BridgeIntel Core i7-8569U,512GB,,heuristic

Intel Core i5-2500K,HDD,500GB,mid,2011 Sandy BridgeIntel Core i5-5257U,,500GB,heuristic

Intel Core i5-2500T,HDD,500GB,mid,2011 Sandy BridgeIntel Core i3-6006U,,500GB,heuristic

Intel Core i5-2515E,HDD,500GB,mid,2011 Sandy BridgeIntel 300,,500GB,heuristic

Intel Core i5-2520M,HDD,500GB,mid,2011 Sandy BridgeIntel Core 7 250H,,500GB,heuristic

Intel Core i5-2540M,HDD,500GB,mid,2011 Sandy BridgeIntel Core i5-4330M,,500GB,heuristic

Intel Core i5-3210M,HDD,500GB,mid,2012 Ivy BridgeIntel Core i3-8130U,,500GB,heuristic

Intel Core i5-3230M,HDD,500GB,mid,2013 Ivy BridgeIntel Core i3-6100U,,500GB,heuristic

Intel Core i5-3317U,HDD,500GB,mid,2012 Ivy BridgeAMD Ryzen 5 1600X,512GB,,heuristic

Intel Core i5-3320M,HDD,500GB,mid,2012 Ivy BridgeAMD Ryzen 3 7320U,,500GB,heuristic

Intel Core i5-3337U,HDD,500GB,mid,2013 Ivy BridgeIntel Core i3-10100T,,500GB,heuristic

Intel Core i5-3340M,HDD,500GB,mid,2013 Ivy BridgeIntel Core i5-6198DU,512GB,,heuristic

Intel Core i5-3360M,HDD,500GB,mid,2012 Ivy BridgeIntel Core i5-4210U,,500GB,heuristic

Intel Core i5-4200H,HDD,500GB,mid,2013 HaswellIntel Core i7-6700TE,512GB,,heuristic

Intel Core i5-4200M,HDD,500GB,mid,2013 HaswellAMD Athlon Gold 3150U,,500GB,heuristic

Intel Core i5-4200U,HDD,500GB,mid,2013 HaswellIntel Core i5-4278U,,500GB,heuristic

Intel Core i5-4210H,HDD,500GB,mid,2014 HaswellIntel Cortel Core i7-4500U,,500GB,heuristic

Intel Core i5-4260U,HDD,500GB,mid,2014 HaswellIntel Core i3-1220P,,500GB,heuristic

Intel Core i5-4278U,HDD,500GB,mid,2014 HaswellIntel Core i5-5300U,,500GB,heuristic

Intel Core i5-4288U,HDD,500GB,mid,2013 HaswellIntel Core i7-4750HQ,,500GB,heuristic

Intel Core i5-4300M,HDD,500GB,mid,2013 HaswellIntel Core i7-6560U,512GB,,heuristic

Intel Core i5-4300U,HDD,500GB,mid,2013 HaswellIntel Core i7-5700HQ,,500GB,heuristic

Intel Core i5-430M,HDD,320GB,mid,2010 ArrandaleIntel Core i5-4200H,,500GB,heuristic

Intel Core i5-4310M,HDD,500GB,mid,2014 HaswellIntel Core i3-3217U,,500GB,heuristic

Intel Core i5-4310U,HDD,500GB,mid,2014 HaswellAMD Ryzen 3 PRO 5450U,,500GB,heuristic

Intel Core i5-4330M,HDD,500GB,mid,2013 HaswellIntel Core m3-7Y30,,500GB,heuristic

Intel Core i5-4350U,HDD,500GB,mid,2013 HaswellAMD Ryzen 5 PRO 7530U,512GB,,heuristic

Intel Core i5-4430S,HDD,500GB,mid,2013 HaswellAMD Ryzen 3 3200U,,500GB,heuristic

Intel Core i5-4570R,HDD,500GB,mid,2013 HaswellIntel Core i3-8100B,,500GB,heuristic

Intel Core i5-480M,HDD,500GB,mid,2011 ArrandaleIntel Core i7-6700,512GB,,heuristic

Intel Core i5-5200U,HDD,500GB,mid,2015 BroadwellIntel Core i3-7130U,,500GB,heuristic

Intel Core i5-4570TE,HDD,500GB,mid,2013 HaswellIntel Core i3-3250T,,500GB,heuristic

Intel Core i5-4590,HDD,500GB,mid,2014 HaswellAMD Ryzen 5 4500,512GB,,heuristic

Intel Core i5-460M,HDD,500GB,mid,2010 ArrandaleIntel Core i7-4560U,,500GB,heuristic

Intel Core i5-520M,HDD,320GB,mid,2010 ArrandaleIntee i5-8260U,512GB,,heuristic

Intel Core i5-4210M,HDD,500GB,mid,2014 HaswellIntel Core i5-14500,512GB,,heuristic

Intel Core i5-4210U,HDD,500GB,mid,2014 HaswellIntel Core i5-12500T,512GB,,heuristic

Intel Core i5-4250U,HDD,500GB,mid,2013 HaswellInl Core i3-9100TE,,500GB,heuristic

Intel Core i5-5250U,HDD,500GB,mid,2015 BroadwellIntel Core i5-650,,500GB,heuristic

Intel Core i5-5257U,HDD,500GB,mid,2015 BroadwellIntel Core i7-3630QM,,500GB,heuristic

Intel Core i5-5287U,HDD,500GB,mid,2015 BroadwellIntel Core i7-2620M,,500GB,heuristic

Intel Core i5-5300U,HDD,500GB,mid,2015 BroadwellIntel Core i5-8200Y,512GB,,heuristic

Intel Core i5-5350U,HDD,500GB,mid,2015 BroadwellAMD Ryzen 5 5500,512GB,,heuristic

Intel Core i5-540M,HDD,320GB,mid,2010 ArrandaleIntel Core i7-4850HQ,,500GB,heuristic

Intel Core i5-6198DU,SSD,256GB,mid,2016 SkylakeIntel Pentium G4500,,500GB,heuristic

Intel Core i5-6200U,SSD,256GB,mid,2015 SkylakeIntel Pentium N4200,,500GB,heuristic

Intel Core i5-6260U,SSD,256GB,mid,2015 SkylakeAMD Ryzen 3 3300U,,500GB,heuristic

Intel Core i5-6300HQ,SSD,512GB,mid,2015 SkylakeAMD Athlon 1500+,,500GB,heuristic

Intel Core i5-6300U,SSD,256GB,mid,2015 SkylakeAMD Ryzen 3 5400U,,500GB,heuristic

Intel Core i5-6360U,SSD,256GB,mid,2016 SkylakeIntel Core i7-4800MQ,,500GB,heuristic

Intel Core i5-6400,SSD,256GB,mid,2015 SkylakeIntel Core i5-6360U,512GB,,heuristic

Intel Core i5-6440HQ,SSD,512GB,mid,2015 SkylakeAMD Ryzen 3 5425U,,500GB,heuristic

Intel Core i5-650,HDD,320GB,mid,2010 ClarkdaleIntel Core i5-6600,512GB,,heuristic

Intel Core i5-6500,SSD,256GB,mid,2015 SkylakeIntel Core i7-4600M,,500GB,heuristic

Intel Core i5-6500T,SSD,256GB,mid,2015 SkylakeIntel Core i7-3537U,,500GB,heuristic

Intel Core i5-6500TE,SSD,256GB,mid,2015 SkylakeIntel Core i5-5250U,,500GB,heuristic

Intel Core i5-6600,SSD,512GB,mid,2015 SkylakeIntel Core i3-8145U,,500GB,heuristic

Intel Core i5-7200U,SSD,256GB,mid,2016 Kaby LakeIntel Core i3-5020U,,500GB,heuristic

Intel Core i5-7267U,SSD,512GB,mid,2017 Kaby LakeAMD Ryzen 5 PRO 4650G,512GB,,heuristic

Intel Core i5-7300HQ,SSD,512GB,mid,2017 Kaby LakeAMD A8-4500M APU,,500GB,heuristic

Intel Core i5-7300U,SSD,256GB,mid,2017 Kaby LakeIntel Core i7-4720HQ,,500GB,heuristic

Intel Core i5-7360U,SSD,512GB,mid,2017 Kaby LakeIntel Core i5-4200U,,500GB,heuristic

Intel Core i5-7400,SSD,256GB,mid,2017 Kaby LakeIntel Core i5-3210M,,500GB,heuristic

Intel Core i5-7400T,SSD,256GB,mid,2017 Kaby LakeIntel Core i3-2350M,,500GB,heuristic

Intel Core i5-7440HQ,SSD,512GB,mid,2017 Kaby LakeIntel Core i5-540M,,500GB,heuristic

Intel Core i5-7500,SSD,256GB,mid,2017 Kaby LakeAMD Sempron LE-1300,,500GB,heuristic

Intel Core i5-7500T,SSD,256GB,mid,2017 Kaby LakeIntel Core i7-4650U,,500GB,heuristic

Intel Core i5-7600,SSD,512GB,mid,2017 Kaby LakeAMD A10-9620P,,500GB,heuristic

Intel Core i5-7600K,SSD,512GB,mid,2017 Kaby LakeIntel N95,,500GB,heuristic

Intel Core i5-7Y54,SSD,256GB,mid,2016 Kaby Lake YIntel Core i5-7600K,512GB,,heuristic

Intel Core i5-8200Y,SSD,256GB,mid,2018 Amber LakeAMD Ryzen 3 4300U,,500GB,heuristic

Intel Core i5-8210Y,SSD,256GB,mid,2018 Amber LakeAMD Ryzen 5 5560U,512GB,,heuristic

Intel Core i5-8250U,SSD,256GB,mid,2017 Kaby Lake RAMD Ryzen 3 PRO 4450U,,500GB,heuristic

Intel Core i5-8257U,SSD,512GB,mid,2019 Coffee LakeIntel Core i7-5960X,,500GB,heuristic

Intel Core i5-8259U,SSD,512GB,mid,2018 Coffee LakeIntel Core i7-5600U,,500GB,heuristic

Intel Core i5-8260U,SSD,512GB,mid,2019 Whiskey LakeIntel Core i7-4700HQ,,500GB,heuristic

Intel Core i5-8265U,SSD,256GB,mid,2018 Whiskey LakeIntel Core i7-4600U,,500GB,heuristic

Intel Core i5-8279U,SSD,512GB,mid,2019 Coffee LakeAMD Ryzen 3 2200U,,500GB,heuristic

Intel Core i5-8300H,SSD,512GB,mid,2018 Coffee LakeIntel Core i3-8100T,,500GB,heuristic

Intel Core i5-8350U,SSD,256GB,mid,2017 Kaby Lake RIntel Core i7-7700T,512GB,,heuristic

Intel Core i5-8365U,SSD,256GB,mid,2019 Whiskey LakeIntel Core i7-4760HQ,,500GB,heuristic

Intel Core i5-8365UE,SSD,256GB,mid,2019 Whiskey LakeIntel Core i5-4310M,,500GB,heuristic

Intel Core i5-8400H,SSD,512GB,mid,2018 Coffee LakeIntel Core i5-3340M,,500GB,heuristic

Intel Core i5-8500T,SSD,256GB,mid,2018 Coffee LakeIntel Pentium Silver J5040,,500GB,heuristic

Intel Core i5-8600,SSD,512GB,mid,2018 Coffee LakeIntel Pentium Silver N5000,,500GB,heuristic

Intel Core i5-9300H,SSD,512GB,mid,2019 Coffee Lake RIntel Pentium Silver N5030,,500GB,heuristic

Intel Core i5-9300HF,SSD,512GB,mid,2019 Coffee Lake RIntel Pentium Gold 7505,,500GB,heuristic

Intel Core i5-9400H,SSD,512GB,mid,2019 Coffee Lake RIntel Core i3-8300,,500GB,heuristic

Intel Core i5-9500,SSD,256GB,mid,2019 Coffee Lake RIntel Core i5-6500T,512GB,,heuristic

Intel Core i5-9500T,SSD,256GB,mid,2019 Coffee Lake RIntel Core i5-3320M,,500GB,heuristic

Intel Core i5-9500TE,SSD,256GB,mid,2019 Coffee Lake RAMD Athlon Silver 3050U,,500GB,heuristic

Intel Core i5-L16G7,SSD,256GB,mid,2020 LakefieldIntel Core i3-6100H,,500GB,heuristic

Intel Core i7-10510U,SSD,512GB,mid,2019 Comet LakeAMD Ryzen 3 PRO 3300U,,500GB,heuristic

Intel Core i7-1060NG7,SSD,512GB,high,2020 Ice Lake MacBookIntel Core i3-8109U,,500GB,heuristic

Intel Core i7-10610U,SSD,512GB,mid,2020 Comet LakeIntel Core i7-3740QM,,500GB,heuristic

Intel Core i7-1065G7,SSD,512GB,mid,2019 Ice LakeIntel Core i5-4570R,,500GB,heuristic

Intel Core i7-1068NG7,SSD,512GB,high,2020 Ice Lake MacBookIntel Core i5-4300U,,500GB,heuristic

Intel Core i7-10700TE,SSD,512GB,mid,2020 Comet LakeIntel Core i5-4288U,,500GB,heuristic

Intel Core i7-10710U,SSD,512GB,mid,2019 Comet LakeIntel Core i5-2520M,,500GB,heuristic

Intel Core i7-10750H,SSD,512GB,mid,2020 Comet LakeIntel Core i5-2450M,,500GB,heuristic

Intel Core i7-10810U,SSD,512GB,mid,2020 Comet LakeIntel Core i5-2415M,,500GB,heuristic

Intel Core i7-10850H,SSD,512GB,mid,2020 Comet LakeAMD Ryzen 3 PRO 2300U,,500GB,heuristic

Intel Core i7-10870H,SSD,1TB,high,2020 Comet LakeAMD E2-3000M APU,,500GB,heuristic

Intel Core i7-10875H,SSD,1TB,high,2020 Comet LakeIntel Core i5-7400T,512GB,,heuristic

Intel Core i7-11370H,SSD,512GB,mid,2021 Tiger LakeIntel Core i3-7100,,500GB,heuristic

Intel Core i7-11375H,SSD,512GB,mid,2021 Tiger LakeAMD Ryzen 5 PRO 3500U,512GB,,heuristic

Intel Core i7-11390H,SSD,512GB,mid,2021 Tiger LakeIntel Core i5-2400,,500GB,heuristic

Intel Core i7-11600H,SSD,512GB,mid,2021 Tiger LakeAMD PRO A4-8350B,,500GB,heuristic

Intel Core i7-1160G7,SSD,512GB,mid,2020 Tiger LakeIntel Core i5-6260U,512GB,,heuristic

Intel Core i7-1165G7,SSD,512GB,mid,2020 Tiger LakeIntel Core i5-3230M,,500GB,heuristic

Intel Core i7-11700,SSD,512GB,mid,2021 Rocket LakeAMD A9-9400,,500GB,heuristic

Intel Core i7-11700T,SSD,512GB,mid,2021 Rocket LakeIntel Core i5-8600,512GB,,heuristic

Intel Core i7-11800H,SSD,512GB,mid,2021 Tiger LakeIntel Core i5-10210Y,512GB,,heuristic

Intel Core i7-1180G7,SSD,512GB,mid,2021 Tiger LakeIntel Core i7-920XM,,500GB,heuristic

Intel Core i7-11850H,SSD,1TB,high,2021 Tiger LakeIntel Core i5-430M,,500GB,heuristic

Intel Core i7-1185G7,SSD,512GB,mid,2020 Tiger LakeIntel Core i3-3120M,,500GB,heuristic

Intel Core i7-1195G7,SSD,512GB,mid,2021 Tiger LakeAMD E1-6010 APU,,500GB,heuristic

Intel Core i7-1250U,SSD,512GB,mid,2022 Alder LakeIntel Core i7-8665UE,512GB,,heuristic

Intel Core i7-1255U,SSD,512GB,mid,2022 Alder LakeAMD Ryzen 5 3450U,512GB,,heuristic

Intel Core i7-1260P,SSD,512GB,mid,2022 Alder Lake PAMD E2-7015,,500GB,heuristic

Intel Core i7-1260U,SSD,512GB,mid,2022 Alder LakeIntel Core i5-9500T,512GB,,heuristic

Intel Core i7-12650H,SSD,512GB,mid,2022 Alder LakeIntel Core i7-4930MX,,500GB,heuristic

Intel Core i7-12700,SSD,1TB,high,2022 Alder LakeIntel Core i5-6400,512GB,,heuristic

Intel Core i7-12700H,SSD,1TB,high,2022 Alder LakeIntel Core i5-6440HQ,512GB,,heuristic

Intel Core i7-1270P,SSD,512GB,mid,2022 Alder Lake PAMD Ryzen 3 2300U,,500GB,heuristic

Intel Core i7-12800H,SSD,1TB,high,2022 Alder LakeIntel Core i5-8500T,512GB,,heuristic

Intel Core i7-12800HX,SSD,1TB,high,2022 Alder Lake HXIntel Core i5-7600,512GB,,heuristic

Intel Core i7-1280P,SSD,1TB,high,2022 Alder Lake PAMD Athlon II X4 620,,500GB,heuristic

Intel Core i7-12850HX,SSD,1TB,high,2022 Alder Lake HXIntel N97,,500GB,heuristic

Intel Core i7-1355U,SSD,512GB,mid,2023 Raptor LakeIntel Core i5-8365UE,512GB,,heuristic

Intel Core i7-1360P,SSD,512GB,mid,2023 Raptor Lake PIntel Core i7-3615QM,,500GB,heuristic

Intel Core i7-13620H,SSD,512GB,mid,2023 Raptor LakeIntel Core2 Duo T5200,,500GB,heuristic

Intel Core i7-13650HX,SSD,1TB,high,2023 Raptor Lake HXAMD A12-9700P,,500GB,heuristic

Intel Core i7-1365U,SSD,512GB,mid,2023 Raptor LakeIntel Pentium P6000,,500GB,heuristic

Intel Core i7-13700,SSD,1TB,high,2023 Raptor LakeIntel Pentium 4415Y,,500GB,heuristic

Intel Core i7-13700H,SSD,1TB,high,2023 Raptor LakeIntel Pentium T2370,,500GB,heuristic

Intel Core i7-13700HX,SSD,1TB,high,2023 Raptor Lake HXIntel Core i3-2348M,,500GB,heuristic

Intel Core i7-13700TE,SSD,512GB,mid,2023 Raptor LakeAMD A10 PRO-7350B APU,,500GB,heuristic

Intel Core i7-1370P,SSD,512GB,mid,2023 Raptor Lake PIntel Core i5-480M,,500GB,heuristic

Intel Core i7-13800H,SSD,1TB,high,2023 Raptor LakeIntel Core i5-4350U,,500GB,heuristic

Intel Core i7-13850HX,SSD,1TB,high,2023 Raptor Lake HXIntel Core i5-2467M,,500GB,heuristic

Intel Core i7-14650HX,SSD,1TB,high,2024 Raptor Lake RIntel Core i5-3317U,,500GB,heuristic

Intel Core i7-14700,SSD,1TB,high,2024 Raptor Lake RIntel Core i3-4158U,,500GB,heuristic

Intel Core i7-14700HX,SSD,1TB,high,2024 Raptor Lake RIntel Core i3-4030U,,500GB,heuristic

Intel Core i7-14700T,SSD,512GB,mid,2024 Raptor Lake RAMD E2-7110 APU,,500GB,heuristic

Intel Core i7-2600S,HDD,500GB,mid,2011 Sandy BridgeAMD PRO A8-9600B,,500GB,heuristic

Intel Core i7-2620M,HDD,500GB,mid,2011 Sandy BridgeAMD A8 PRO-7150B APU,,500GB,heuristic

Intel Core i7-2630QM,HDD,500GB,high,2011 Sandy BridgeAMD A6 Micro-6500T APU,,500GB,heuristic

Intel Core i7-2637M,HDD,320GB,mid,2011 Sandy Bridge ultrabookAMD A12-9720P,,500GB,heuristic

Intel Core i7-2670QM,HDD,500GB,high,2011 Sandy BridgeIntel Core i3-6300,,500GB,heuristic

Intel Core i7-2840QM,HDD,500GB,high,2011 Sandy BridgeIntel Core i7-3632QM,,500GB,heuristic

Intel Core i7-3517UE,HDD,500GB,mid,2012 Ivy BridgeIntel Pentium 2020M,,500GB,heuristic

Intel Core i7-3520M,HDD,500GB,mid,2012 Ivy BridgeIntel Core i7-3610QM,,500GB,heuristic

Intel Core i7-3537U,HDD,500GB,mid,2013 Ivy BridgeIntel Core i5-4300M,,500GB,heuristic

Intel Core i7-3610QM,HDD,750GB,high,2012 Ivy BridgeAMD PRO A8-8600B,,500GB,heuristic

Intel Core i7-3615QM,HDD,750GB,high,2012 Ivy BridgeIntel Pentium 5405U,,500GB,heuristic

Intel Core i7-3630QM,HDD,750GB,high,2012 Ivy BridgeIntel Core i5-4250U,,500GB,heuristic

Intel Core i7-3632QM,HDD,750GB,high,2013 Ivy BridgeIntel Core i5-2450P,,500GB,heuristic

Intel Core i7-3740QM,HDD,750GB,high,2012 Ivy BridgeAMD PRO A10-8700B,,500GB,heuristic

Intel Core i7-3770T,HDD,500GB,mid,2012 Ivy BridgeAMD Athlon Silver 7120U,,500GB,heuristic

Intel Core i7-3840QM,HDD,750GB,high,2013 Ivy BridgeAMD A9-9425,,500GB,heuristic

Intel Core i7-4500U,HDD,500GB,mid,2013 HaswellAMD A6-6310 APU,,500GB,heuristic

Intel Core i7-4510U,HDD,500GB,mid,2014 HaswellIntel Core i5-7500T,512GB,,heuristic

Intel Core i7-4550U,HDD,500GB,mid,2013 HaswellIntel Core i3-4330TE,,500GB,heuristic

Intel Core i7-4560U,HDD,500GB,mid,2014 HaswellIntel Pentium N3540,,500GB,heuristic

Intel Core i7-4600M,HDD,500GB,mid,2013 HaswellIntel Core i7-4550U,,500GB,heuristic

Intel Core i7-4600U,HDD,500GB,mid,2013 HaswellIntel Core i3-5010U,,500GB,heuristic

Intel Core i7-4650U,HDD,500GB,mid,2013 HaswellIntel Core i3-2370M,,500GB,heuristic

Intel Core i7-4700HQ,HDD,1TB,high,2013 HaswellAMD PRO A12-8830B,,500GB,heuristic

Intel Core i7-4702HQ,HDD,1TB,high,2013 HaswellAMD PRO A10-8730B,,500GB,heuristic

Intel Core i7-4710HQ,HDD,1TB,high,2014 HaswellAMD A6-9220,,500GB,heuristic

Intel Core i7-4710MQ,HDD,1TB,high,2014 HaswellAMD A4-1200 APU,,500GB,heuristic

Intel Core i7-4712HQ,HDD,1TB,high,2014 HaswellIntel Core i5-7400,512GB,,heuristic

Intel Core i7-4720HQ,HDD,1TB,high,2015 HaswellIntel Pentium 4425Y,,500GB,heuristic

Intel Core i7-4722HQ,HDD,1TB,high,2015 HaswellIntel Core m3-6Y30,,500GB,heuristic

Intel Core i7-4750HQ,HDD,500GB,high,2013 HaswellIntel Core i7-2670QM,,500GB,heuristic

Intel Core i7-4760HQ,HDD,500GB,high,2014 HaswellIntel Core i3-380M,,500GB,heuristic

Intel Core i7-4770HQ,HDD,500GB,high,2014 HaswellAMD Ryzen 3 PRO 1300,,500GB,heuristic

Intel Core i7-4770TE,HDD,500GB,mid,2013 HaswellAMD A9-9420,,500GB,heuristic

Intel Core i7-4785T,HDD,500GB,mid,2014 HaswellIntel Core i3-4100M,,500GB,heuristic

Intel Core i7-4790K,HDD,1TB,high,2014 HaswellIntel Core i3-2125,,500GB,heuristic

Intel Core i7-4790T,HDD,500GB,mid,2014 HaswellIntel Core2 Duo E4300,,500GB,heuristic

Intel Core i7-4800MQ,HDD,750GB,high,2013 HaswellIntel Atom Z3735F,,500GB,heuristic

Intel Core i7-4810MQ,HDD,750GB,high,2014 HaswellAMD A6-9225,,500GB,heuristic

Intel Core i7-4850HQ,HDD,500GB,high,2013 HaswellAMD A4-9125,,500GB,heuristic

Intel Core i7-4870HQ,HDD,500GB,high,2014 HaswellIntel Core i5-4260U,,500GB,heuristic

Intel Core i7-4930MX,HDD,1TB,high,2013 Ivy Bridge-EIntel Core i3-2310E,,500GB,heuristic

Intel Core i7-4980HQ,HDD,500GB,high,2014 HaswellIntel Pentium 4417U,,500GB,heuristic

Intel Core i7-5500U,HDD,500GB,mid,2015 BroadwellAMD Ryzen 3 1200,,500GB,heuristic

Intel Core i7-5557U,HDD,500GB,mid,2015 BroadwellIntel Pentium 4405U,,500GB,heuristic

Intel Core i7-5600U,HDD,500GB,mid,2015 BroadwellIntel Core i7-3517UE,,500GB,heuristic

Intel Core i7-5650U,HDD,500GB,mid,2015 BroadwellAMD E1-2500 APU,,500GB,heuristic

Intel Core i7-5700HQ,HDD,1TB,high,2015 BroadwellIntel Core i3-3250,,500GB,heuristic

Intel Core i7-5775C,HDD,1TB,high,2015 BroadwellIntel Core i3-3130M,,500GB,heuristic

Intel Core i7-5960X,SSD,512GB,high,2014 Haswell-EIntel Core i3-2310M,,500GB,heuristic

Intel Core i7-620M,HDD,320GB,mid,2010 ArrandaleIntel Core i3-4170,,500GB,heuristic

Intel Core i7-6500U,SSD,256GB,mid,2015 SkylakeIntel Pentium B960,,500GB,heuristic

Intel Core i7-6560U,SSD,512GB,mid,2016 SkylakeAMD E1-1500 APU,,500GB,heuristic

Intel Core i7-6600U,SSD,256GB,mid,2015 SkylakeIntel Core M-5Y71,,500GB,heuristic

Intel Core i7-6700,SSD,512GB,mid,2015 SkylakeIntel Core i7-3840QM,,500GB,heuristic

Intel Core i7-6700HQ,SSD,512GB,mid,2015 SkylakeIntel Core i7-3520M,,500GB,heuristic

Intel Core i7-6700TE,SSD,256GB,mid,2015 SkylakeIntel Core i3-540,,500GB,heuristic

Intel Core i7-6770HQ,SSD,512GB,mid,2016 SkylakeAMD A6-1450 APU,,500GB,heuristic

Intel Core i7-6820HQ,SSD,512GB,mid,2015 SkylakeIntel Core i7-4702HQ,,500GB,heuristic

Intel Core i7-7500U,SSD,256GB,mid,2016 Kaby LakeIntel Core2 Duo P7350,,500GB,heuristic

Intel Core i7-7600U,SSD,512GB,mid,2017 Kaby LakeIntel Core i3-330M,,500GB,heuristic

Intel Core i7-7660U,SSD,512GB,mid,2017 Kaby LakeAMD PRO A6-8530B,,500GB,heuristic

Intel Core i7-7700,SSD,512GB,mid,2017 Kaby LakeIntel Pentium 4415U,,500GB,heuristic

Intel Core i7-7700HQ,SSD,512GB,mid,2017 Kaby LakeIntel Core i5-6500,512GB,,heuristic

Intel Core i7-7700T,SSD,256GB,mid,2017 Kaby LakeIntel Core i5-2515E,,500GB,heuristic

Intel Core i7-7820HK,SSD,512GB,high,2017 Kaby LakeIntel Core i5-2430M,,500GB,heuristic

Intel Core i7-7820HQ,SSD,512GB,high,2017 Kaby LakeAMD A10-9600P,,500GB,heuristic

Intel Core i7-7920HQ,SSD,512GB,high,2017 Kaby LakeIntel Pentium 4,,500GB,heuristic

Intel Core i7-8500Y,SSD,256GB,mid,2018 Amber LakeIntel Pentium P6200,,500GB,heuristic

Intel Core i7-8550U,SSD,256GB,mid,2017 Kaby Lake RIntel Pentium 3805U,,500GB,heuristic

Intel Core i7-8565U,SSD,512GB,mid,2018 Whiskey LakeIntel Core i3-2330M,,500GB,heuristic

Intel Core i7-8569U,SSD,512GB,mid,2019 Coffee LakeIntel Core i3-2328M,,500GB,heuristic

Intel Core i7-860,HDD,500GB,mid,2009 LynnfieldIntel Core2 Duo T5670,,500GB,heuristic

Intel Core i7-8650U,SSD,256GB,mid,2017 Kaby Lake RIntel Core2 Duo P8600,,500GB,heuristic

Intel Core i7-8665U,SSD,512GB,mid,2019 Whiskey LakeIntel Atom x5-Z8350,,500GB,heuristic

Intel Core i7-8665UE,SSD,256GB,mid,2019 Whiskey LakeIntel Atom x5-Z8330,,500GB,heuristic

Intel Core i7-8700,SSD,512GB,mid,2018 Coffee LakeIntel Atom 230,,500GB,heuristic

Intel Core i7-8709G,SSD,512GB,mid,2018 Kaby Lake GAMD E-450 APU,,500GB,heuristic

Intel Core i7-8750H,SSD,512GB,mid,2018 Coffee LakeAMD A8-3500M APU,,500GB,heuristic

Intel Core i7-8850H,SSD,512GB,mid,2018 Coffee LakeAMD A4 Micro-6400T APU,,500GB,heuristic

Intel Core i7-920XM,HDD,500GB,high,2010 ClarksfieldAMD 3015e,,500GB,heuristic

Intel Core i7-9750H,SSD,512GB,mid,2019 Coffee Lake RIntel Atom D410,,500GB,heuristic

Intel Core i7-9750HF,SSD,512GB,mid,2019 Coffee Lake RIntel Pentium N3510,,500GB,heuristic

Intel Core i7-9850H,SSD,512GB,mid,2019 Coffee Lake RIntel Core Duo L2300,,500GB,heuristic

Intel Core i9-10850K,SSD,1TB,high,2020 Comet LakeAMD A10 Micro-6700T APU,,500GB,heuristic

Intel Core i9-10880H,SSD,1TB,high,2020 Comet LakeIntel Core i5-4590,,500GB,heuristic

Intel Core i9-10885H,SSD,1TB,high,2020 Comet LakeIntel Core i3-4000M,,500GB,heuristic

Intel Core i9-10900K,SSD,1TB,high,2020 Comet LakeIntel Core2 Duo T7250,,500GB,heuristic

Intel Core i9-11900H,SSD,1TB,high,2021 Tiger LakeAMD Turion X2 Dual Core L510,,500GB,heuristic

Intel Core i9-11950H,SSD,1TB,high,2021 Tiger LakeAMD E1-2100 APU,,500GB,heuristic

Intel Core i9-12900H,SSD,1TB,high,2022 Alder LakeAMD E1-1200 APU,,500GB,heuristic

Intel Core i9-12900HK,SSD,1TB,high,2022 Alder LakeIntel Core i5-460M,,500GB,heuristic

Intel Core i9-12900HX,SSD,1TB,high,2022 Alder Lake HXAMD A8-7410 APU,,500GB,heuristic

Intel Core i9-12950HX,SSD,1TB,high,2022 Alder Lake HXIntel Core i3-6100,,500GB,heuristic

Intel Core i9-13900H,SSD,1TB,high,2023 Raptor LakeIntel Pentium 2117U,,500GB,heuristic

Intel Core i9-13900HK,SSD,1TB,high,2023 Raptor LakeIntel Atom N450,,500GB,heuristic

Intel Core i9-13900HX,SSD,1TB,high,2023 Raptor Lake HXIntel Pentium T4500,,500GB,heuristic

Intel Core i9-13905H,SSD,1TB,high,2023 Raptor LakeIntel Pentium 987,,500GB,heuristic

Intel Core i9-13950HX,SSD,1TB,high,2023 Raptor Lake HXIntel Core i3-2120,,500GB,heuristic

Intel Core i9-13980HX,SSD,1TB,high,2023 Raptor Lake HXIntel Core i3-2130,,500GB,heuristic

Intel Core i9-14900HX,SSD,1TB,high,2024 Raptor Lake RAMD Ryzen 7 250,1TB,,heuristic

Intel Core i9-14900T,SSD,512GB,mid,2024 Raptor Lake RAMD E2-9000e,,500GB,heuristic

Intel Core i9-8950HK,SSD,512GB,high,2018 Coffee LakeAMD A8-6410 APU,,500GB,heuristic

Intel Core i9-9880H,SSD,512GB,high,2019 Coffee Lake RIntel Atom N270,,500GB,heuristic

Intel Core i9-9900,SSD,512GB,high,2019 Coffee Lake RIntel Pentium 3825U,,500GB,heuristic

Intel Core i9-9900K,SSD,1TB,high,2018 Coffee LakeIntel Pentium T4400,,500GB,heuristic

Intel Core i9-9980HK,SSD,1TB,high,2019 Coffee Lake RAMD V120,,500GB,heuristic

Intel Core m3-6Y30,SSD,256GB,budget,2015 Skylake YIntel Core i3-3220,,500GB,heuristic

Intel Core m3-7Y30,SSD,256GB,budget,2016 Kaby Lake YAMD A4-3300M APU,,500GB,heuristic

Intel Core2 Duo E4300,HDD,160GB,budget,2007 ConroeIntel Pentium B950,,500GB,heuristic

Intel Core2 Duo E4700,HDD,160GB,budget,2007 ConroeIntel Core i5-2540M,,500GB,heuristic

Intel Core2 Duo E7500,HDD,320GB,mid,2009 WolfdaleIntel Core i3-350M,,500GB,heuristic

Intel Core2 Duo P7350,HDD,250GB,mid,2008 PenrynIntel Core i3-2100,,500GB,heuristic

Intel Core2 Duo P8600,HDD,320GB,mid,2008 PenrynIntel Core Duo T2050,,500GB,heuristic

Intel Core2 Duo SP9400,HDD,320GB,mid,2008 PenrynAMD Ryzen AI 7 350,,500GB,heuristic

Intel Core2 Duo T5200,HDD,120GB,budget,2006 MeromIntel Core i3-2312M,,500GB,heuristic

Intel Core2 Duo T5250,HDD,120GB,budget,2007 MeromIntel Core i7-620M,,500GB,heuristic

Intel Core2 Duo T5270,HDD,160GB,budget,2008 MeromIntel Atom x5-Z8500,,500GB,heuristic

Intel Core2 Duo T5500,HDD,120GB,budget,2006 MeromAMD A4-1250 APU,,500GB,heuristic

Intel Core2 Duo T5670,HDD,160GB,budget,2008 MeromIntel Core i3-2375M,,500GB,heuristic

Intel Core2 Duo T5750,HDD,160GB,mid,2007 MeromIntel Atom N2600,,500GB,heuristic

Intel Core2 Duo T6670,HDD,250GB,mid,2009 PenrynAMD A4-4300M APU,,500GB,heuristic

Intel Core2 Duo T7250,HDD,160GB,mid,2007 MeromIntel Pentium 967,,500GB,heuristic

Intel Core2 Duo T7500,HDD,160GB,mid,2007 MeromIntel Core2 Duo SP9400,,500GB,heuristic

Intel N95,SSD,256GB,budget,2023 Alder Lake-NIntel Atom Z520,,500GB,heuristic

Intel N97,SSD,256GB,budget,2023 Alder Lake-NIntel Core2 Duo T5500,,500GB,heuristic

Intel Pentium 2020M,HDD,500GB,budget,2012 Ivy BridgeAMD A8-7100 APU,,500GB,heuristic

Intel Pentium 2117U,HDD,500GB,budget,2012 Ivy BridgeIntel Core2 Duo E4700,,500GB,heuristic

Intel Pentium 2127U,HDD,500GB,budget,2013 Ivy BridgeIntel Atom N570,,500GB,heuristic

Intel Pentium 3805U,HDD,500GB,budget,2015 BroadwellIntel Atom 330,,500GB,heuristic

Intel Pentium 3825U,HDD,500GB,budget,2015 BroadwellIntel Pentium T3400,,500GB,heuristic

Intel Pentium 4,HDD,40GB,budget,2000 NetburstIntel Core2 Duo T7500,,500GB,heuristic

Intel Pentium 4405U,SSD,256GB,budget,2015 SkylakeIntel Core i5-7500,512GB,,heuristic

Intel Pentium 4415U,SSD,256GB,budget,2017 Kaby LakeIntel Atom Z3795,,500GB,heuristic

Intel Pentium 4415Y,SSD,128GB,budget,2017 Kaby Lake YIntel Core2 Duo T6670,,500GB,heuristic

Intel Pentium 4417U,SSD,256GB,budget,2018 Whiskey LakeIntel Atom Z3735E,,500GB,heuristic

Intel Pentium 4425Y,SSD,128GB,budget,2018 Amber Lake YIntel Atom N455,,500GB,heuristic

Intel Pentium 5405U,SSD,256GB,budget,2019 Whiskey LakeIntel Pentium 2127U,,500GB,heuristic

Intel Pentium 967,HDD,320GB,budget,2012 Sandy BridgeIntel Pentium T4200,,500GB,heuristic

Intel Pentium 987,HDD,320GB,budget,2012 Sandy BridgeAMD A10 PRO-7850B APU,,500GB,heuristic

Intel Pentium B950,HDD,500GB,budget,2011 Sandy BridgeIntel Core2 Duo E7500,,500GB,heuristic

Intel Pentium B960,HDD,500GB,budget,2011 Sandy BridgeIntel Atom Z3740,,500GB,heuristic

Intel Pentium B980,HDD,500GB,budget,2012 Sandy BridgeIntel Core Duo T2500,,500GB,heuristic

Intel Pentium G4500,SSD,256GB,budget,2015 SkylakeIntel Core2 Duo T5270,,500GB,heuristic

Intel Pentium Gold 7505,SSD,256GB,budget,2021 Tiger LakeIntel Core2 Duo T5750,,500GB,heuristic

Intel Pentium Gold G6500,SSD,256GB,budget,2020 Comet LakeIntel Core i5-2500T,,500GB,heuristic

Intel Pentium N3510,HDD,500GB,budget,2013 Bay TrailIntel Core i9-9900,1TB,,heuristic

Intel Pentium N3540,HDD,500GB,budget,2014 Bay TrailAMD Ryzen 5 3500X,512GB,,heuristic

Intel Pentium N3710,SSD,64GB,budget,2016 Braswell eMMCAMD FX-6100 Six-Core,,500GB,heuristic

Intel Pentium N4200,SSD,128GB,budget,2016 Apollo LakeAMD E1-7010 APU,,500GB,heuristic

Intel Pentium P6000,HDD,320GB,budget,2010 ArrandaleIntel Pentium N3710,,500GB,heuristic

Intel Pentium P6200,HDD,320GB,budget,2010 ArrandaleIntel Pentium B980,,500GB,heuristic

Intel Pentium Silver J5040,SSD,256GB,budget,2019 Gemini Lake RIntel Core i3-2100T,,500GB,heuristic

Intel Pentium Silver N5000,SSD,128GB,budget,2017 Gemini LakeIntel Core i9-10900K,1TB,,heuristic

Intel Pentium Silver N5030,SSD,128GB,budget,2019 Gemini Lake RIntel Atom x5-E8000,,500GB,heuristic

Intel Pentium T2370,HDD,160GB,budget,2007 MeromIntel Core i5-2500K,,500GB,heuristic

Intel Pentium T3400,HDD,160GB,budget,2009 PenrynIntel Core2 Duo T5250,,500GB,heuristic

Intel Pentium T4200,HDD,250GB,budget,2009 PenrynIntel Core i7-11375H,512GB,,heuristic

Intel Pentium T4400,HDD,250GB,budget,2009 PenrynIntel Core i5-10400,512GB,,heuristic

Intel Pentium T4500,HDD,320GB,budget,2010 PenrynIntel Core i7-4790K,,500GB,heuristic

Intel Xeon E-2176M,SSD,512GB,high,2018 Coffee Lake workstationIntel Core i7-2840QM,,500GB,heuristic

Intel Xeon E-2186M,SSD,512GB,high,2018 Coffee Lake workstationAMD Ryzen 3 3200G,,500GB,heuristic

Intel Xeon E-2276M,SSD,512GB,high,2019 Coffee Lake R workstationIntel Core i7-5557U,,500GB,heuristic

Intel Xeon W-3175X,SSD,1TB,high,2018 Skylake-X workstationIntel Core i3-4340,,500GB,heuristic

Intel core i5-10300H,SSD,512GB,mid,2020 Comet LakeIntel Core i7-4810MQ,,500GB,heuristic

Qualcomm Snapdragon X Elite X1E-78-100,SSD,512GB,high,2024 Oryon ARMIntel Core i5-4430S,,500GB,heuristic

Qualcomm Snapdragon X Elite X1E-80-100,SSD,1TB,high,2024 Oryon ARMIntel Core i5-13600K,512GB,,heuristic

Qualcomm Snapdragon X Plus X1P-64-100,SSD,512GB,mid,2024 Oryon ARMAMD Ryzen 3 PRO 3200G,,500GB,heuristic

AMD Ryzen 5 2600H,SSD,512GB,mid,2018 Zen+ mobile H
AMD Ryzen 5 40,SSD,512GB,mid,2024 Zen 4
AMD Ryzen 5 7235HS,SSD,512GB,mid,2023 Zen 3+ Rembrandt
AMD Ryzen 5 8540U,SSD,512GB,mid,2024 Zen 4 Hawk Point
AMD Ryzen 5 8645HS,SSD,512GB,mid,2024 Zen 4 Hawk Point
AMD Ryzen 7 7435HS,SSD,512GB,mid,2023 Zen 3+ Rembrandt
AMD Ryzen 7 8845H,SSD,512GB,mid,2024 Zen 4 Hawk Point
AMD Ryzen 7 8845HS,SSD,512GB,mid,2024 Zen 4 Hawk Point
AMD Ryzen 9 7940HX,SSD,1TB,high,2023 Zen 4 Dragon Range
AMD Ryzen 9 8945HS,SSD,512GB,high,2024 Zen 4 Hawk Point
Apple M1 8 Core 3200 MHz,SSD,256GB,mid,2020 M1 base
Apple M1 Max 10 Core 3200 MHz,SSD,512GB,high,2021 M1 Max
Apple M1 Pro 10 Core 3200 MHz,SSD,512GB,high,2021 M1 Pro
Apple M2 8 Core 3500 MHz,SSD,256GB,mid,2022 M2 base
Apple M2 Pro 10 Core 3480 MHz,SSD,512GB,high,2023 M2 Pro
Apple M3 8 Core,SSD,512GB,mid,2023 M3 base
Apple M3 Max 14 Core,SSD,512GB,high,2023 M3 Max
Apple M3 Pro 11 Core,SSD,512GB,high,2023 M3 Pro
Apple M4 10 Core,SSD,512GB,mid,2024 M4 base
Celeron Dual-Core T3000,HDD,320GB,budget,2008 Merom
Intel Atom C2338,SSD,256GB,budget,2013 Avoton
Intel Celeron 2955U,HDD,500GB,budget,2013 Haswell
Intel Celeron 3867U,SSD,256GB,budget,2017 Kaby Lake
Intel Celeron 7305,SSD,256GB,budget,2022 Alder Lake
Intel Celeron M 900MHz,HDD,80GB,budget,2004 Dothan
Intel Celeron N2840,HDD,500GB,budget,2014 Bay Trail
Intel Celeron N3050,SSD,128GB,budget,2015 Braswell
Intel Celeron N3060,SSD,128GB,budget,2016 Braswell
Intel Celeron N3350,SSD,128GB,budget,2016 Apollo Lake
Intel Celeron N4000,SSD,128GB,budget,2017 Gemini Lake
Intel Celeron N4020,SSD,256GB,budget,2019 Gemini Lake
Intel Celeron N4120,SSD,256GB,budget,2019 Gemini Lake
Intel Core 5 210H,SSD,512GB,mid,2024 Meteor Lake
Intel Core 5 220U,SSD,512GB,mid,2024 Meteor Lake
Intel Core Duo T2450,HDD,160GB,budget,2006 Yonah
Intel Core i3-12100TE,SSD,512GB,budget,2022 Alder Lake
Intel Core i5-1235U,SSD,512GB,mid,2022 Alder Lake
Intel Core i5-1245U,SSD,512GB,mid,2022 Alder Lake
Intel Core i5-12500TE,SSD,512GB,mid,2022 Alder Lake
Intel Core i5-2410M,HDD,500GB,mid,2011 Sandy Bridge
Intel Core i7-1265U,SSD,512GB,mid,2022 Alder Lake
Intel Core i7-610E,HDD,320GB,mid,2010 Arrandale
Intel Core m3-8100Y,SSD,256GB,mid,2018 Amber Lake
Intel Core m5-6Y54,SSD,256GB,mid,2015 Skylake Y
Intel Pentium Gold 8505,SSD,256GB,budget,2023 Raptor Lake
Intel Xeon W-11855M,SSD,512GB,high,2021 Tiger Lake W
Qualcomm Snapdragon X Elite - X1E-78-100,SSD,512GB,high,2024 Snapdragon X
